name,z,Tmax_gr,Tmax_err_gr,Tmax_grJH,Tmax_err_grJH,Tmax_AllminusuB,Tmax_err_AllminusuB,Tmax_AllBands,Tmax_err_AllBands,st_gr,st_err_gr,st_grJH,st_err_grJH,st_AllminusuB,st_err_AllminusuB,st_AllBands,st_err_AllBands,gmax_gp,gmax_err_gp,gmax_gr,gmax_err_gr,gmax_grJH,gmax_err_grJH,gmax_AllminusuB,gmax_err_AllminusuB,gmax_AllBands,gmax_err_AllBands,rmax_gp,rmax_err_gp,rmax_gr,rmax_err_gr,rmax_grJH,rmax_err_grJH,rmax_AllminusuB,rmax_err_AllminusuB,rmax_AllBands,rmax_err_AllBands,Hmax_gp,Hmax_err_gp,Hmax_grJH,Hmax_err_grJH,Hmax_AllminusuB,Hmax_err_AllminusuB,Hmax_AllBands,Hmax_err_AllBands,Jmax_gp,Jmax_err_gp,Jmax_grJH,Jmax_err_grJH,Jmax_AllminusuB,Jmax_err_AllminusuB,Jmax_AllBands,Jmax_err_AllBands
ASAS15hx,0.0083,57151.68252439135,0.052190797639354504,57151.80651818336,0.08224560313363326,57151.811857262524,0.058425237773083755,57151.68065256081,0.04951741145356728,1.0698478512969634,0.007878856614160159,1.0721102552664223,0.010599431219040011,1.084523248109222,0.008251370568360384,1.076055423259984,0.007463166788842198,13.272676471553938,0.0035631972135937023,13.27950489996963,0.005289547400990279,13.275397629990593,0.00530595384205455,13.271312043472399,0.005391885561896453,13.280143825313846,0.005333703589006388,13.364914406283223,0.003397854966663268,13.373711181880171,0.006958142862813829,13.395823126399822,0.006998374243835002,13.407359414074442,0.007204621352318317,13.392697072145953,0.007066709744595422,12.834378866366867,1.108032918251484,13.966754680824483,0.0238045476259168,13.988388675848064,0.02711358878459312,13.95220231447949,0.024867599610572912,13.820090267692192,0.031140840620985568,13.776346106252326,0.015197607015224818,13.810234654222235,0.015863092274122904,13.778672635412399,0.015396855421563575
SNhunt281,0.0041,57112.550995549915,0.07417067255474474,57112.62396010794,0.0641991358339873,57112.70911748249,0.046428804756060295,57112.7407666774,0.03984327603215979,0.7006873675922203,0.0077963826403314,0.6902840380752177,0.006686239877604586,0.6771049089889531,0.004425129708276365,0.6731521535122796,0.004381955148311116,13.80294066987467,0.00452039582993497,13.785954975070684,0.005770490974550054,13.784169478687147,0.005991587925477132,13.780730819038236,0.006275757772915005,13.75788493290926,0.006360868807828662,13.755383821800933,0.009363256545896842,13.789708980963379,0.006786465997031268,13.783682007352166,0.006943680535755095,13.795509942641448,0.007143397980221045,13.798618170135931,0.00720198096254259,14.056527279857457,0.0755370467625856,14.123413405005458,0.0520484839460894,14.140789805695515,0.05490248063216971,14.168209350895694,0.05564899847049386,13.948019601455972,0.013118502120880608,13.942816265425261,0.023702669322782477,13.960349752285527,0.024332802461151028,13.984201248440616,0.024507427074001928
SN2005hc,0.0459,53667.10863609268,0.053320503957368794,53667.05585574061,0.08460853631136944,53667.217324642115,0.06674248693612654,53667.09351979153,0.06177349368455792,1.128847238134339,0.00911913450593847,1.134727294102244,0.013932170328854123,1.131796382378641,0.01078268342919292,1.1153403868773768,0.010875016386201239,17.295536755108717,0.004221064308618084,17.292681703536623,0.005669932976322937,17.28848235911639,0.005704509588817461,17.295407101873927,0.005682071973836345,17.300438067450795,0.0055852470720264575,17.3630876211689,0.0046683372684962745,17.37598843290079,0.007489793541598691,17.383771480936066,0.007445022135760086,17.395702917858607,0.007465623824047557,17.38378854469324,0.007500838587093961,17.280214209422173,0.4535534539010251,17.918644328014864,0.03432178391205828,17.930094402749187,0.03428456307390875,17.90452796905603,0.03315847083454227,17.610534720923283,1.124237052843605,17.663949738569777,0.019231447145855646,17.76680490412637,0.019208676755313518,17.752515961091696,0.017897892699130197
SN2012fr,0.0055,56243.27230681695,0.03746829172185829,56243.448437858075,0.05562443316731833,56243.47879753358,0.03884870452564215,56243.38808531342,0.03583296976094835,1.1286489571647156,0.007387150162753635,1.105736571052522,0.007743513193830599,1.112581661200037,0.006206887675778248,1.112268786392613,0.005903823881086516,11.984948928477548,0.006011096804675693,11.961804620826847,0.005651181882408549,11.940458990434493,0.005520968674286556,11.926911511037886,0.00555902222538654,11.968298138207427,0.005557770590715525,12.070999213548266,0.006173673144151422,12.109336055440266,0.007472867200169495,12.143768753149619,0.007446503794501979,12.154303901924361,0.007482762767687626,12.143579060664187,0.007482535552613382,12.956531929757869,0.0224573326261932,12.806010853741455,0.031763633893940456,12.83712758315827,0.03281226365449347,12.77209921042262,0.032770162594522485,1.8640780818623155,14.288964308181358,12.596812137281347,0.017161474846477356,12.63393702771667,0.01761553140392197,12.57368098267822,0.017594983598200734
SN2005kc,0.0151,53697.818793586164,0.0875000349152846,53697.830236620466,0.06116971846954733,53697.84672320507,0.05773423688158037,53697.76187938966,0.06265827602519146,0.9012939123603677,0.012412325996310184,0.9052662138459494,0.008698690142946029,0.9058840929183339,0.00800110277211599,0.8976665169301731,0.008499858517873183,15.88331208343529,0.004890511425095203,15.876664168921746,0.004550899352460956,15.878975555861508,0.004554730786973805,15.888328344645409,0.004555165855144195,15.85917548302088,0.004545937873190394,15.590622325316996,0.005662807291761558,15.562171383007872,0.005953944416385647,15.560809674603856,0.005961841896687964,15.541162040486746,0.005975489456110582,15.540322580028125,0.0059548441627321844,15.04979966835185,0.7845295314431923,15.592387983268111,0.020665675782339802,15.547646335065657,0.020588732510388626,15.575883746436848,0.021170822757757828,15.484687149597676,0.013136999393756354,15.491385716210505,0.01612545447424251,15.46501984898654,0.01601009774558766,15.491871181753918,0.016229116809593366
SN2006kf,0.0213,54041.19782238398,0.06915102462430864,54041.2239999396,0.05159224999629212,54041.368923815084,0.048356533452568816,54041.390640097125,0.04638709480998345,0.745757356897119,0.007829003057093406,0.7377365437934024,0.005619128098193215,0.7263714892412106,0.004512218224672741,0.7183870685487981,0.004863573416050041,16.667617250953725,0.006254671939260011,16.658998663793685,0.004956588454979748,16.65821236090536,0.005077629138828231,16.66036466130863,0.005269752642949555,16.633623054216265,0.0054174386029184176,16.490166851810528,0.006194976718075592,16.494216679911794,0.006177146846375873,16.48533881389909,0.006234329282506648,16.488049359818323,0.006415968993911609,16.490525516088375,0.006535194109231962,15.828145910073802,0.37671727380427134,16.54271031653673,0.038914777062727175,16.53068145742652,0.04218043679118849,16.5593376291326,0.0445211068654133,16.394695062734026,0.01187506480019899,16.40628731408135,0.021183804116280493,16.42119709703089,0.021769860993608236,16.44583002963854,0.022192554588118817
SN2005ki,0.0192,53705.19437174211,0.050445006193767676,53705.233564930386,0.04464639620737022,53705.28386071889,0.038238831459561855,53705.39495403966,0.04661197810251632,0.8329852476154825,0.004459662433923794,0.8293027300461818,0.0040754410836753765,0.8203716431587881,0.0030240567080208583,0.8201356730683337,0.003792457356761446,15.591480136814024,0.004741725901708413,15.586558146194431,0.004459061479270141,15.58471197964148,0.004457254317169984,15.588327155313475,0.004457468722682304,15.571494119802125,0.0044575525423811374,15.682844472525963,0.004380229881621857,15.702554329784,0.0056523811085274845,15.70295311014781,0.005604326549036361,15.69349213299499,0.0056112441128981895,15.699951682730443,0.005615061672513103,16.230562355401855,0.02776660117685884,16.26373544965693,0.020261931457370708,16.231255018125665,0.020424908859021585,16.26201791789134,0.020298924527805243,16.072796757495187,0.013227529653949176,16.095900510058787,0.017955787656137815,16.087846015282086,0.01810257425487901,16.11654513944656,0.018107004490134623
SN2012hd,0.0119,56265.57977206159,0.07025355447393104,56265.57290195518,0.06576562258095124,56265.64773524419,0.05449689148760015,56265.51962661133,0.05982215312895234,0.8736532409058453,0.008390969868335074,0.8799470969205155,0.007570110250545198,0.885059319734288,0.006100477880905614,0.8796852517911407,0.007230119458405951,14.862729297248096,0.004463756125343859,14.868897967847506,0.004516061037079787,14.873774236675473,0.004524802049440706,14.8849123580939,0.004530707613091895,14.913471900932922,0.004523223872267028,14.817298122268118,0.0052060922899443965,14.772031498416784,0.0058408740239734615,14.771348233719507,0.005872707040513666,14.774747844406644,0.0059069289526447475,14.759485871540058,0.0058826280601438725,15.136052508989936,0.01789617662678069,15.099941043856383,0.02187550767187141,15.100759469695642,0.02177793947420154,15.039863774356093,0.02187280578653165,15.02226557277702,0.021919035973612423,14.967470289502526,0.016785663250061703,14.984721677698996,0.016639853996951143,14.927185715736304,0.016791497987237707
SN2004eo,0.0157,53278.74276262687,0.07280650402843444,53278.793372248554,0.06842921114567614,53278.81405044788,0.05908656428225031,53278.638998163085,0.047456642433711116,0.8172492838431019,0.008551598254915258,0.8095158070564059,0.00823121727185807,0.8241834341969199,0.006289850353249746,0.8048990979091333,0.005348632149995802,15.377028574055048,0.006674380493811531,15.356606518138221,0.0044596628775117825,15.342355944112736,0.0044695917690026924,15.370685932072682,0.004456598272591976,15.332653353421485,0.004479631420044818,15.318964784350781,0.0032804876557823853,15.237358181979783,0.005629345494239337,15.25037607384153,0.005624165553825211,15.25405572067395,0.005608450706427921,15.253137351753818,0.005617330861136762,15.701414240916906,0.021888772919232375,15.519794575662075,0.021017467536404395,15.50033305106432,0.02020538480288966,15.53462531966575,0.021613112763054828,15.508782425883728,0.010834307938202179,15.381956590135339,0.018442672485345594,15.390248351054087,0.018069631018327655,15.41674529551555,0.018562364776477762
PTF14w,0.0189,56669.889044795455,0.03654931221704003,56669.87269002014,0.03453781662427112,56669.99362586216,0.02929946772950463,56669.93588139104,0.027886356968704066,0.7382169791798883,0.0041114215438466575,0.7391295700875585,0.0037801421929262065,0.729841758402979,0.0028848726755803258,0.7298567093491103,0.0030593856258643998,16.08752509007352,0.003424279377416396,16.0822132898457,0.0050693713424100175,16.0818166121141,0.005055730665194648,16.07513768623093,0.00520938021734119,16.06049514795829,0.005211151792750308,16.078456206123278,0.0048144682294112146,16.078158354854274,0.0062280050394189455,16.079603718647434,0.0062162586237061055,16.081953308895567,0.006359703125721266,16.083234562634107,0.0063564258391252855,15.304039285787454,0.5033646702499194,16.478824675899816,0.03845920307958853,16.48501250659397,0.04125829615807648,16.502398016565337,0.04126950626630768,16.3480270330872,1.248511135710899,16.29340548244334,0.021112172281303722,16.325042465790037,0.0215873642561326,16.341606268861508,0.02158699346230501
SN2013gy,0.014,56648.88942021457,0.07709266269638829,56648.92145448678,0.06852693427048266,56648.99590363977,0.04882134049465584,56648.77943364153,0.03978370389169749,0.8989355614687566,0.006889972312961548,0.8974331101585739,0.006139318419480859,0.8990634018484792,0.004102406632741709,0.8947597052896722,0.0036479394306142476,14.832249988979747,0.003725225278564981,14.845296312745148,0.004548295956749465,14.843347004356584,0.004546370567167547,14.847645008748366,0.004547272883548707,14.816065214344945,0.0045421971668979195,14.89519162775623,0.004265533138860797,14.831309081276196,0.005946913946487564,14.835003047839827,0.00594084780497918,14.82260963424216,0.005953832071827077,14.820377325892096,0.00594553931589338,15.381397925091644,0.02460983665473137,15.248222977812834,0.02121083105938433,15.218365068550774,0.02108191457536975,15.2467437264073,0.0213450496987161,15.166700267075894,0.02087349167256882,15.110223261095303,0.016334277759234458,15.101080104672555,0.016192603604974806,15.127288326785305,0.016317593831105204
ASAS15bm,0.0208,57054.30122420118,0.07041991190485923,57054.15572352967,0.13481532562446427,57054.25677236521,0.09356476676538092,57054.16999600943,0.07151867251178419,1.005283169699646,0.010190011345218098,1.0917170474699387,0.024902405128558593,1.0875997109703324,0.016658639750879976,1.0047304634058416,0.01032157761662854,15.954606900616062,0.008377888868090953,15.942383299830006,0.004835421109691114,15.946272272762243,0.00543876008242358,15.942770968550683,0.005412054333865864,15.930197375359974,0.004827388630395442,15.790131770079757,0.0059062095607286865,15.787673845875673,0.006085712106771723,15.851105686262017,0.007309195584551208,15.844620624162026,0.0072440622293239425,15.817150474989546,0.006077221127068121,16.0182767711354,0.03772484929199704,16.170093254377402,0.028963254789813868,16.17025471251674,0.027961888705979945,16.138425643003675,0.01570499073618629,16.069182388746718,0.031018528874857457,15.977271726458557,0.016281650494305997,16.01681183372048,0.016039517871313514,16.003943183474302,0.013486011245537291
SN2007af,0.0055,54174.455701576604,0.06548274210957548,54174.49577655742,0.043386087445792865,54174.56503349306,0.03502631402771008,54174.42416188607,0.03049176630731745,0.9304407047596019,0.0071019020944369975,0.9340167563441586,0.004278445468899572,0.9294737611840131,0.0033001454933393776,0.9231603154264256,0.003155673320315326,13.176049341155682,0.006563136134928685,13.19747791074905,0.004585446329600664,13.192889685391759,0.0045908451699507614,13.206916072764127,0.004583749818274219,13.207017459846202,0.004575045356651817,13.207927967094678,0.007672235570478439,13.172684570777296,0.005977254232660047,13.188793612331715,0.005978055870321107,13.185351083861,0.005981405200605403,13.18303246219827,0.005979422941203034,13.64291718410792,0.00824517658524471,13.616779223039764,0.018302280016069768,13.594707516274116,0.018613175862105764,13.588320051341167,0.01911791234671131,13.50188161214525,0.005156901009689145,13.483023763640812,0.015187259406467094,13.470956259287313,0.01529301653276829,13.466007289925788,0.015477120664730953
SN2012ht,0.0036,56295.66088596198,0.039220425196137235,56295.69584836349,0.04319513725036534,56295.702690539605,0.04319766992331732,56295.73103008099,0.03387697258015419,0.8480712157087835,0.0031459277141740113,0.8416063860911357,0.00375940483869306,0.848702826860086,0.003096340843791531,0.8534184974437914,0.00277740025922884,13.051190457854938,0.016847442294339633,13.050689522158962,0.0044770599502676955,13.053863550942747,0.004468549124045437,13.060923505912793,0.004477717878465413,13.061117954366281,0.0044847269676532705,13.139581995051032,0.021507901224204692,13.162193455957112,0.005686894856312008,13.133487363858343,0.005652026051409915,13.140174536345778,0.0056982241099526355,13.140935925048574,0.0057227967629457505,13.601039633183543,0.014454994215832314,13.63366626985907,0.020528954379913186,13.640628103041696,0.02088879086485107,13.642965547572356,0.021144582788921364,13.450810255336814,0.013027053178535865,13.495103399496607,0.017652712388485068,13.508322341972729,0.017490692130727292,13.511358823860647,0.01738046389059209
SN2006hx,0.0455,54022.18474674823,0.20272761914018048,54022.277525670484,0.1427741759201649,54022.14391139186,0.1571067969212478,54021.83333270912,0.1490704396207589,0.9331854066009408,0.02530908310914121,0.9370037696865599,0.016371490248280746,0.9611329510410163,0.018654423679391127,0.9809972350297789,0.01758884680557324,17.466405294887675,0.03874025122701008,17.528520913195212,0.004588538710715991,17.526829869292072,0.0045949329290923486,17.53182084343693,0.004640433994685169,17.525601490410423,0.004710445812366652,17.51118128355301,0.06701506588816034,17.43308069150125,0.006073994153773086,17.429267111644407,0.006081887860918823,17.415902570647376,0.006056880301847762,17.433385590482455,0.00608055694306846,17.222710733626656,0.23495454268796137,17.81295720950048,0.018235835021575077,17.77005833857921,0.017127686635326277,17.808413299882762,0.016634462775419197,16.66036250220221,0.5247792515903775,17.58167936435405,0.015138832775764222,17.626483434609163,0.014147852873157805,17.67295854042046,0.01360861332940801
SN2005M,0.022,53405.98139856865,0.02473516956588781,53406.0552171371,0.05625258894720338,53405.9207359905,0.040602673741408905,53405.7432008699,0.03213069622292446,1.2128860470921778,0.002568598394493198,1.2044163022439054,0.005805532249859294,1.2065241210786206,0.004303828755547995,1.2120327460767886,0.003708807194091161,15.924840952299252,0.004131997728746999,15.91809719656505,0.006469643206320196,15.909999679969108,0.006471876605712888,15.921115687627335,0.006468458165512389,15.908382528305566,0.006471329925858154,16.028519571455952,0.00405855378138615,16.02220767385122,0.0069990306117355405,16.03160111964787,0.006999768515390665,16.019921164181405,0.006999717056841936,16.02412177782274,0.006991260081183665,16.75186564526154,0.03180714862764209,16.558655918872407,0.03258056843205369,16.519747712019196,0.032164849148165205,16.535852680804002,0.03216883566699959,16.432026224222284,0.04207283175474254,16.292252604410326,0.02351706348647459,16.305884275602942,0.023295381011891093,16.321884077825658,0.023298951235097717
SN2009ab,0.0112,54883.28495315308,0.07184960394685007,54883.33845977266,0.060817875668205866,54883.33979573923,0.06522412381437188,54883.285246752785,0.09043451064359444,0.881885545659527,0.007835956243841343,0.885350406950415,0.0068734020048323964,0.8801657151336977,0.007083124249009025,0.8787214842307649,0.010627601560772658,15.318066185865256,0.005041243947328152,15.320423179061745,0.0045279884831373905,15.325556846309073,0.004532587029543273,15.335795406931073,0.004525365295518156,15.295798276057091,0.004523354855779602,15.181788996232054,0.0035986704107392915,15.161099634356056,0.005877025633671627,15.151472899419037,0.005893704057550221,15.137286101313741,0.0058883081477126365,15.143034016635827,0.0058785803661717305,14.26495414793398,0.626194340801359,15.267973110925475,0.021759621562015868,15.225165967426072,0.021856512976135504,15.27950226815393,0.021868915304944406,13.588780827269693,1.7237795264063638,15.174036405759743,0.016661858032974524,15.14624097720495,0.016751843496247247,15.196831586391937,0.016783917830113695
SN2008ar,0.0261,54534.61057064661,0.08655422601909465,54534.564981663716,0.12499914269529196,54534.64129375377,0.07501318669719254,54534.62401253593,0.061048763911780025,0.9779223797897011,0.010432447663573954,0.998501392617532,0.016143791576111538,0.9865101307970697,0.007639597427091456,0.9751476231506074,0.006643923272695016,16.337839331736415,0.031646862172377783,16.271042040579914,0.004699733912067504,16.268593930603057,0.004793461653462388,16.26287796753883,0.0047338370922359796,16.258817604738482,0.004689400961824673,16.360683504802097,0.046796527083273004,16.279212282046906,0.00604179053737716,16.313544064349077,0.0061168743832979685,16.30693728433198,0.006056493113523582,16.29728855645078,0.0060484485846450334,16.440460772166876,0.2263487291373853,16.845949999766503,0.01617957842321833,16.83729458299763,0.016545895990112407,16.82122377763703,0.016904806652374278,16.44672619520677,0.8384126758190944,16.64390454979802,0.013592508216095471,16.68120252544475,0.013628401210450947,16.667356927865143,0.013873030146911705
SN2013aj,0.0091,56361.34419667627,0.047119607926769905,56361.36482766093,0.06199554061774887,56361.314424151715,0.05296023669235811,56361.28592159406,0.05140069279035046,0.7786325466075413,0.00476621841210947,0.7671877737989072,0.006049131667070191,0.7716826002344688,0.004080554012894779,0.7793716793299249,0.004023094264102746,14.117210175910866,0.006954207567857179,14.102682746430162,0.004602160686988067,14.100714046519343,0.004698810704311736,14.100810310649283,0.004657657219768469,14.118874681734336,0.0045973003030507185,14.13448714285509,0.011987789234203204,14.171494303054661,0.005765531209658729,14.152003337251767,0.005876621954009552,14.163296422449754,0.005836614402564336,14.16002727643362,0.005766268759757763,13.167703546688406,0.6303056294330232,14.604435441312717,0.030082144685643412,14.628101049943432,0.028816289895097654,14.605690069603117,0.02674594007193149,13.309993085248935,1.6251104518251136,14.439682057815904,0.01982901100610009,14.47755532934056,0.019661618967957952,14.459380537118012,0.019379920699467628
SN2007ca,0.0141,54227.40621003565,0.10612707906232076,54227.4714281146,0.11866738378963122,54227.44922427629,0.09496732860465311,54227.37867554516,0.07499331247232888,1.0524617675855912,0.012917640977916945,1.0506888868463005,0.013884289118407101,1.051790367146565,0.01030560713733115,1.064367842689777,0.009334943191569639,15.945005177502544,0.0038187504422287992,15.94845673512999,0.005156912692249607,15.956845978457412,0.005143764051885273,15.965620189858253,0.00515322226052698,15.956633939785487,0.005247392635848054,15.69116765625239,0.0031660165466012415,15.70688527392669,0.006643715368586371,15.689374560795372,0.006617768059537046,15.686690225064432,0.006635789075060927,15.68955010278814,0.006857833758929701,15.700125145294233,0.03776872889108496,15.842814902019025,0.01854047834952112,15.838674349578362,0.018731566128290498,15.855434919576886,0.02177569693243796,15.71503618037899,0.01229604866510248,15.68726802244791,0.01428209494476757,15.705559544368413,0.014282846438550413,15.7137585428956,0.01481784437059111
SN2008hj,0.0379,54801.49158133378,0.0518357426086531,54801.40122037399,0.12553623462161,54801.35091775076,0.09579109581663542,54801.46815935378,0.07794636457319347,0.9983161125346681,0.007152388904573448,1.0082018279941618,0.01789222026066186,1.0927411818559563,0.015601462647907582,1.012780178390906,0.01076780667900608,16.778436357293565,0.0040480558688124725,16.780876364101385,0.004790119330485429,16.776972080904304,0.004843161324841397,16.790437670855017,0.005445513256924848,16.790928786411563,0.004865743786871219,16.862864835171127,0.0048845745436709555,16.85837341537899,0.00603302317845526,16.87641345722427,0.006079013470504907,16.90978263162969,0.007319770289042505,16.881064686458064,0.0061157437162112,17.20030221384722,0.5403997610207096,17.45689892563358,0.015504406767785629,17.4882939710345,0.029144302446784204,17.442772048003444,0.01533922189777372,17.529626262131245,0.03585617464663173,17.24547833346432,0.013474307989957928,17.326357887956277,0.01636782901718954,17.295970081353534,0.01338476181381094
ASAS14lw,0.0209,57013.872398551284,0.10662372663178313,57013.88982857459,0.10709950395557447,57013.85353589613,0.09109689078683929,57013.834795164556,0.07439278952261916,1.1375243034737972,0.01897467671349239,1.1327362216676504,0.01812952884048439,1.124799734880892,0.015705001279404506,1.1325256440308322,0.012632108001739188,15.576842105881004,0.004133991328572799,15.531073249988715,0.0057114512590570946,15.529586012219898,0.0056798569682568745,15.515393920031077,0.005630967607001068,15.525675302663966,0.005682470131478699,15.643935703538345,0.007492869574237066,15.682447257608363,0.0074175358916924485,15.68436401280907,0.007453797817705015,15.697779011351074,0.007485925360971347,15.688312694887895,0.007452877057307452,16.641558676847943,0.042110729873765934,16.301718477355276,0.03431276230384988,16.340757850028965,0.03401680342090722,16.306380093785517,0.03430431069192833,16.2187421246989,0.05449826486599389,16.066609550333073,0.01908093426673515,16.154089101868472,0.018475193514986533,16.119905075482958,0.019087684441221504
PTF13ebh,0.0133,56623.27139226425,0.043758370645898444,56623.264144047054,0.04177611413061016,56623.43823288756,0.03423143854063577,56623.31767234029,0.03122167585718521,0.6353736532958965,0.006484541354675137,0.6378083242976365,0.005719504076987695,0.6262785047356807,0.0044523509763250806,0.6098790359782953,0.004699913538442548,15.201223104480961,0.0038208437111663654,15.209405060799554,0.007117226125679851,15.20870340848403,0.007073340624653055,15.201232128715763,0.007273505187043952,15.162889043317154,0.007518415239069269,15.066348124425858,0.003598974550837291,15.072780867010884,0.007764197341149045,15.077446169031951,0.007728170786029607,15.083436732033409,0.007890897083704237,15.090065825481517,0.00811715841547212,15.253152966571538,0.02505697195736136,15.222775689113085,0.059143784634624136,15.228059135220455,0.0594488294316497,15.263051057372273,0.05834927315018242,15.120962340339968,0.033161073635681486,15.031543209251566,0.02561191655816724,15.053737167403938,0.025760106921788626,15.081381833545073,0.025831569571214484
ASAS14hu,0.0216,56935.251843619895,0.06622405516406389,56935.137101583896,0.09420468041087926,56935.21842984584,0.06861830500323819,56935.25114239914,0.07412912948576032,1.074060874227731,0.011692758746616844,1.1171891048245943,0.017692273040483965,1.1122860242329293,0.012374409072544914,1.1018966059421675,0.015045281915330822,15.57463403004227,0.00499656838152035,15.576962134419922,0.005318961547123879,15.575075988328077,0.005588656110092959,15.565689510668602,0.005558518974251533,15.585168487008342,0.00550046496662433,15.63379456975991,0.004939808908483276,15.66518070012383,0.0070323946324570355,15.702922425059263,0.007503744948781793,15.70909878947312,0.007489146709195519,15.687443945259236,0.0074237697123781385,16.34613005549191,0.19007092294979727,16.26124248207769,0.033377642225561166,16.280915821666294,0.03279602963068565,16.22220084110116,0.031095759136241373,16.18088288467171,0.006776323559745708,16.04082234414839,0.01794298953672086,16.104584396614236,0.017595226295393666,16.052424047099464,0.01690837838568943
SN2006et,0.0222,53993.95452800136,0.05447128868268692,53994.128408127144,0.09155928944566465,53994.08983069043,0.06036680683875485,53993.815536578404,0.05147025540592937,1.1604666011885643,0.008241693358219537,1.0974859752835815,0.0122821009677601,1.1018102920573407,0.00888211196990275,1.1009156344745825,0.008524396340629688,15.90658380117288,0.004901788435766832,15.913989563995568,0.0059247142924519205,15.903001115616746,0.005474733185941354,15.908051694970979,0.005499722550985572,15.908950305458855,0.0054957675726117665,15.82053856136689,0.0071317102379394905,15.837449369174792,0.007143915909289831,15.85585278694435,0.007373044854246202,15.840934094636104,0.007417462740173038,15.837401963627865,0.007407352052502008,16.309098273025352,0.02842040264235771,16.27010677660904,0.03022484160407049,16.24151909226295,0.03108546262455676,16.23200656119495,0.030906561512458294,16.132618074295547,0.02641827162023897,16.056673853697564,0.016628155916943093,16.073703021666727,0.016900041197551285,16.066155418087845,0.01684428369173629
SN2012hr,0.0076,56288.92841152336,0.04236483783150039,56288.93413415266,0.04552201029854522,56288.99414614531,0.03200928506125069,56288.962359207595,0.04309929553242914,0.9716833360235072,0.004571224893744803,0.9673770322729677,0.004582649603198555,0.9680522447252465,0.0032037726522566316,0.9541887096355233,0.004685386504723082,13.702905469409874,0.004259032999517277,13.707949929487704,0.004681706545518264,13.69959191859336,0.004667329769416397,13.694323387472114,0.004668453902476399,13.7290833540788,0.004629269066540622,13.826194644716562,0.004633967211623561,13.784411281606758,0.005970932980144827,13.79315110522506,0.005966236014867169,13.794454323705992,0.005968645157726939,13.775927544971733,0.00596687359539518,9.562092547885817,12.44845753582664,14.334815036662413,0.017021734650077693,14.342030263058014,0.016999664227113107,14.264604982588938,0.017334163586157525,9.796860094139259,13.952876156262144,14.180784288360421,0.014213114881591656,14.197987874750659,0.014171530775004874,14.128878451790609,0.014555579494823946
SN2007on,0.0065,54419.905708730774,0.07849145538657018,54419.947297847706,0.04609059925890173,54419.963339933325,0.04673353729984201,54419.79010952919,0.0361904844276713,0.5951966117489563,0.010710020831756692,0.580953984325578,0.004467205959224188,0.5856647551392911,0.003965162954905552,0.5770245963237304,0.003440584047922354,12.95827878064605,0.00715204146071497,12.957202472939812,0.007695645149653662,12.947094568929174,0.007822475062139853,12.944755337573902,0.007785925609410723,12.93460258788729,0.00785068602671389,12.907422683877957,0.0208808821899202,12.985819936581784,0.008311262488892208,12.996184167127648,0.008489650357376154,12.995316512009271,0.008422181162679803,12.997267061974721,0.008520597987017195,13.220076642974073,0.044541604252587665,13.312737295432346,0.053718136564920575,13.318321186177222,0.05453784572899941,13.320689673454329,0.05320204735763139,13.119870243681017,0.032669182393658056,13.090092427882915,0.025433579040809243,13.104174400691946,0.025542323440179468,13.104853097796155,0.025369307521273882
SN2009aa,0.0273,54878.39773577662,0.03685455055014576,54878.42644671655,0.03973192891323777,54878.38510581927,0.037099041276474856,54878.24898078446,0.05275890411418235,0.9020982794566927,0.005277799894289142,0.9132406179093188,0.005254673940813658,0.9142958152260842,0.0042424146087096035,0.9078480465017322,0.006829844824180157,16.319374575585186,0.0037355008741512003,16.3150254483249,0.004550457889638716,16.31838219577203,0.004562576611951648,16.327924594022196,0.0045622545382817655,16.29275746032346,0.004556687439240505,16.401243133246048,0.004907268046780477,16.380061057288675,0.005985654967854796,16.385900891835103,0.005981544360178803,16.37263509215934,0.005984589358702053,16.378100768735077,0.00599351407366191,16.9687295769445,0.01413422901018305,16.912435972980703,0.020004212307093004,16.873180134110818,0.019855407871396866,16.917589078483765,0.020407910276277877,16.709194574666032,0.01357296918890873,16.74142936738628,0.015833041916840172,16.738584889535225,0.01566799673549842,16.780500254989786,0.015888942659886
SN2008fp,0.0057,54730.33081356039,0.09782656740413374,54730.49841386019,0.07547916534959798,54730.29172926658,0.08005101523881986,54730.17496461837,0.05969234329123717,1.0871255254546641,0.014799159228611232,1.0869695230277752,0.010796646104280253,1.1036550389318838,0.012347106238363213,1.1079644789606133,0.0111871937256265,13.91210226560853,1.4037691519465796,14.329573268741562,0.005408960973825929,14.334760879139296,0.00540795141875246,14.329110957189517,0.005509009532077147,14.337613006260643,0.005532910808939812,13.835514138918995,0.00930324109065234,13.845338956263795,0.007242170915691546,13.835053554305976,0.0072398920418879215,13.819082237296843,0.007428170390054615,13.820592289431708,0.007457574506494271,13.380432027023913,0.37044651719731303,13.633445838874025,0.027734887527747352,13.597490293802405,0.03139668175338743,13.590060323597069,0.03213399951785789,13.501463990623527,0.004256667989966197,13.517158063358654,0.016003001439590433,13.484539590862383,0.017020752040162467,13.476264289198593,0.01730135421678248
SN2012gm,0.0148,56261.69555976595,0.02874767924846051,56261.71186571189,0.038712065537250595,56261.695256460356,0.04430790654787803,56261.68980627256,0.04061196289764792,0.9843971127596348,0.00560362876974953,0.9791133621526269,0.007413306423298779,0.9711267244003895,0.008026849862910678,0.981820096104059,0.0070492528259514875,15.367819836166047,0.003264775304189431,15.363627639422848,0.0047286725139727825,15.364811947305238,0.004706401117421732,15.371004166041704,0.00467615877796045,15.359073090590897,0.004715516691509757,15.23075949171737,0.0037236629759445855,15.2216652735848,0.005996988863597958,15.214277841067041,0.005982469686507578,15.196957239348873,0.005973567685459661,15.203974295292685,0.005990700854239148,15.453542059250921,0.021360050335178783,15.50578897733141,0.016730689729610785,15.469591375296371,0.0169369992958026,15.499553783073218,0.016628369772396068,15.287788883290183,0.01843781093078767,15.356241670408991,0.01394144865731849,15.344534845131552,0.0140822611531431,15.370465981986385,0.013825997734274084
ASAS14lp,0.0051,57015.41622712838,0.057269187734590346,57015.674752578096,0.05896078636160703,57015.58057985627,0.04839241571716038,57015.34072519466,0.03544786857127551,1.1116845709828649,0.00962960505556461,1.0746730472356596,0.007679028571229219,1.084239671540544,0.006587840073639338,1.0873362296622902,0.005322893255850915,12.142087761187058,0.010575769856550182,12.112212933616568,0.0055541235233463925,12.105669694698683,0.0053242700968217874,12.108457016570473,0.0053900378790877465,12.112191127469082,0.005410352986233802,11.96125866757908,0.01031346161879873,11.978719178052135,0.007478899406129538,11.978717856866059,0.007043545387709545,11.973760965742159,0.0071993574708973974,11.969653261881412,0.007245241800262084,12.191314561837157,0.10151094688822956,12.299468442382551,0.024493763067447844,12.287184115207268,0.027041126294034754,12.27384997271378,0.027823916662950775,12.102259628262077,0.1146249297346887,12.128602446941724,0.01532615046288499,12.123158727699167,0.01584692508887191,12.110057674123457,0.016023844039708725
SN2005el,0.0149,53646.50748277913,0.0668967599149748,53646.50958689235,0.062348002049758246,53646.45293874052,0.05155314598748718,53646.69416373338,0.049203383957290354,0.8513126533882016,0.006439978277898858,0.842001241299324,0.005358372336401953,0.8404302899005814,0.003765428746846914,0.8317381136077728,0.004385697564453468,15.266518445280456,0.04345617640639562,15.194609984006892,0.004480419886171036,15.18435867613244,0.004468430373609306,15.193571573822151,0.00446641126638777,15.162697510592992,0.0044586568710443955,15.259689080645456,0.09593644765099578,15.274929654589076,0.005767815073617889,15.25885361769139,0.005692024460741259,15.238312013369235,0.005693920436707536,15.235977776975709,0.005648185684913703,15.714081022657139,0.013353051515772596,15.710495510175573,0.020527813904649715,15.65417039088025,0.02046986043925184,15.681055170412371,0.020257603479329818,15.517119623255438,0.009768318232937638,15.568953582054597,0.017702663825976545,15.532767668773477,0.017674371056884894,15.557044751306623,0.017887663232152868
SN2009ds,0.0192,54961.035840953016,0.11390545567228699,54960.851761710845,0.2083984565242136,54960.87239586906,0.16258672622906953,54960.83057091549,0.11527156336889867,1.1183668975147674,0.025974843986913704,1.1485589791102722,0.0382309034215102,1.116239685426091,0.03624760316519677,1.1192485638306044,0.025158602136562038,15.543509969598208,0.006577478363940215,15.51402237208087,0.005595883785414986,15.502436864060343,0.0057985813185691655,15.488857224296758,0.00558137504456292,15.502665481273159,0.005600901523071529,15.457499409320594,0.007009846433273075,15.473447818089898,0.007494286209913387,15.538723504967802,0.007304008405219167,15.53427255077533,0.007482277650194631,15.529423052392563,0.007490396511942991,15.713098334991939,0.09794074628228729,15.99955966008729,0.033923374157436,16.024532926712663,0.03329285911105849,15.997240147799513,0.03359179754683466,15.490977904642271,0.5176932853893044,15.77019512637614,0.02049887291805033,15.849414032996254,0.0178432019295881,15.825250165933287,0.018082613488186614
SN2013M,0.0349,56323.75388798058,0.08070178217136163,56323.67851017217,0.10455173807079321,56323.648217960625,0.08763891918841153,56323.61549641625,0.07115232669686036,0.9146098975327154,0.007317599406889203,0.9152241631082123,0.00915434094146512,0.9257998209420594,0.007457779731668271,0.9246318079393326,0.006313423953949037,16.810624108035444,0.005590212409722631,16.810552294865065,0.004563923527728539,16.80377191678723,0.004564207670857063,16.801554300310784,0.004574982398839387,16.784320390577328,0.004573234512030495,16.779285451145213,0.006758781295298223,16.745361334846553,0.005969352285700869,16.758380008731393,0.005963385050312466,16.764526316269954,0.005980305681693803,16.766135728305564,0.005987354806928329,16.55347661830362,0.4456349146427746,17.12106096544381,0.019820302486177076,17.140591850130043,0.018884692496402535,17.162816540191734,0.018968755151306624,14.695108932187726,5.627282822471721,16.960962587268263,0.01584495864231708,17.019244179776244,0.01534968908345009,17.04065266935111,0.015383745937915028
LSQ13ry,0.0298,56395.52367134158,0.0458517293228561,56395.57178544368,0.04562066222454738,56395.52854027588,0.04200146012604876,56395.441768808225,0.0523952617472957,0.8648757912031573,0.004836651265533887,0.8606748254161496,0.0048112351469268705,0.8662199274941876,0.004273242512863184,0.8544083925479631,0.005502971619729137,16.607377365859314,0.010468818432282385,16.610273566328395,0.00450034564132539,16.60435743046595,0.004493694012029938,16.61496398080281,0.0045013120467709165,16.55902456180456,0.00448300560579115,16.68154529501575,0.009262991177919651,16.71160375056466,0.005817150558843307,16.711206675444206,0.0057993098311773655,16.704835438428148,0.005869948771988238,16.712419787703897,0.0057969697275299095,16.82803417470297,0.3198615442254564,17.251077892576728,0.02151295669792207,17.21356883104476,0.021712716656115533,17.28222129425562,0.021177658207970563,16.819394345397296,0.19771185956888,17.085296905035726,0.017280601791073123,17.096916811902787,0.017131942499254902,17.161640989038837,0.017408691712075826
SN2015F,0.0049,57107.06512232697,0.055225244476182815,57107.0599753548,0.04687324587830414,57107.083049585046,0.04160594668534747,57106.859429752425,0.039456507239360845,0.8466194511478838,0.006241450535748744,0.8483024161614721,0.005149337756733412,0.8532455046061769,0.004238670676507181,0.8461436151534035,0.004472902792454873,13.367732462712471,0.01988563640904456,13.327655362141044,0.004475781864024075,13.330100320029338,0.004477897580939663,13.342650815629831,0.004485537339798812,13.286060207469085,0.004475124134647377,13.200052573435824,0.00898752879852354,13.11543676995558,0.005683780993542587,13.114498465564385,0.005696267603480556,13.113608158852035,0.00572600692160562,13.119602413732366,0.005685547512148085,13.388596542623246,0.22137570818343497,13.1775988669276,0.020871246340277275,13.16069424819159,0.021147863589581196,13.231375139204417,0.020768693373073653,13.301299026504095,0.16633869968084056,13.091278437478831,0.01749777929112305,13.082185105619363,0.017383726664127644,13.146391526105308,0.017534725022601356
SN2008bc,0.0151,54549.63542402285,0.056713816019505994,54549.5406112924,0.0891628329993886,54549.56183305397,0.07015574423882763,54549.48715867862,0.04933277466024129,1.043692656611659,0.00880401932227248,1.0279174172805778,0.011624051952855114,1.0678509912305918,0.011084406030216465,1.0689172031672591,0.008784307210915691,15.538298722802878,0.0033929164111715757,15.532478553811071,0.005092882829140006,15.518323566128565,0.004976894710794524,15.515401309236925,0.005274966161366169,15.5412033009361,0.005282517055506637,15.427845877056498,0.004071874788098166,15.444940647950066,0.006501430501267944,15.475624613839901,0.006279261698380409,15.488699714215382,0.006921592111098836,15.48172652867255,0.006940595886642309,15.503854815831264,0.7024148997789665,15.73206711816702,0.015495530315650841,15.751182447141055,0.022675153183530968,15.708724024348417,0.022920194612823117,15.671810170861479,0.01709516875495868,15.59241001471159,0.013660230669799588,15.624689298000646,0.014979918332289824,15.587084377178051,0.015017825016620953
SN2008hv,0.0125,54817.039399033485,0.043681484014979725,54817.04710213561,0.04051095217947422,54816.99805997498,0.03159358786908949,54817.064274069875,0.02982456319379135,0.8490691302006105,0.005116460560785296,0.8415304550007084,0.004473230649926298,0.8424508991773176,0.0031640323623447755,0.841199030846488,0.003226880098226834,14.792779624224801,0.005579330109530205,14.77436337657327,0.0044787681552671595,14.766724521568147,0.004467668064388774,14.771908922829514,0.004468767393448282,14.755347948841553,0.004467281336968299,14.869224259036798,0.006043989497403248,14.890446497314038,0.005692507025875334,14.887019078895946,0.005652255201105418,14.889390477282024,0.0056726986730264405,14.890541558010508,0.005667119586186332,15.46257500441705,0.021615467725829625,15.443594161608932,0.020531041480836794,15.43910183951768,0.02062691952993197,15.4588202454351,0.020565005231878382,15.228737482426734,0.008760754138871086,15.28851706405835,0.01769646680970638,15.301521703837118,0.017612649347873672,15.319015251179014,0.01764744058994255
ASAS14mw,0.0274,57029.23170963599,0.07190246409058627,57029.08028406157,0.09768698665127877,57029.019856101295,0.07640359235251315,57029.03589100831,0.05509535828077619,1.0483586291585671,0.008332804436164735,1.0829529649283,0.01245727928560308,1.0824842792613383,0.009390267018752108,1.083549343067469,0.007870073271769128,15.850319530438728,0.0044006691512260936,15.842005122368903,0.005121846717947329,15.8403367381373,0.005380980157299944,15.83337251973279,0.005377878518521008,15.832076114151846,0.005384565027197183,15.965446407251251,0.0053684205227558564,15.99131081923915,0.006569803098326007,16.019914524633375,0.007181010332935185,16.017363596709625,0.007173870483682253,16.01351078506715,0.007191090444494262,16.144716220500044,0.7151042981043028,16.688795976815562,0.026729136269590236,16.682310331639698,0.02658432388777992,16.674789854694456,0.026863474487683545,16.552624150267004,0.014946164354508799,16.46049622338744,0.015773334511624503,16.50645902571233,0.015746692937146953,16.500765595418507,0.015807678166253926
SN2007bd,0.031,54206.79381039965,0.07687239726677268,54206.80519575904,0.06410581678248758,54206.73585989079,0.05651085480802774,54206.80096020286,0.042749177804039876,0.8812572626669566,0.008781020174228826,0.8795278706451558,0.007251534028507833,0.8815051359233722,0.005526316610023688,0.8815529875622649,0.004780140748264693,16.5214874521717,0.014061269188711966,16.54402045725771,0.004525941070939788,16.539924888027222,0.004523093312820231,16.54529871325369,0.004523874094242505,16.547336508573004,0.004523613503915459,16.583950420505023,0.010669437174723387,16.610596871582633,0.005919531439897291,16.618376095790186,0.005854298267735333,16.623264806510722,0.005886975995202521,16.626334471032937,0.005890764738901277,17.03408819045233,0.6453477217974267,17.15999330492984,0.022067355530970726,17.157717934964907,0.02193838072917489,17.162760164125704,0.02193107162008072,17.03228073872378,0.03532108817523493,16.97477368659117,0.016925463961413634,17.010032505668903,0.016723751788155525,17.01260743274859,0.016722662637006756
SN2008gp,0.0334,54779.13516606599,0.106214323434581,54779.18025732367,0.08535515835535235,54779.12205950427,0.05166318521591222,54778.92812970658,0.05429514081774761,0.9801126200785266,0.010403226384013213,0.97833404856371,0.008524796876804257,0.9810191260785917,0.005503762001591988,0.980188869199701,0.006155970687215118,16.718687422046727,0.007065538940612974,16.735081330265874,0.004707813016745653,16.731389067183535,0.004700356902577285,16.726523322851406,0.0047108848567386135,16.70664546849173,0.00470349597647172,16.803308942074676,0.008552719483823698,16.772661165674094,0.005978340620716146,16.779766001634822,0.00595136596068121,16.769679207564526,0.005984548418004589,16.77453048245428,0.005983646944674047,17.567964833408137,0.05834220629068231,17.242169367890593,0.016771134833815943,17.21265792504642,0.016633642610398278,17.24516470871325,0.016658119217590958,17.074894050167746,0.039873429278117135,17.06068925231246,0.014003606257818582,17.08670238459162,0.013808960344246068,17.118590064052285,0.01382653009421006
SN2014I,0.03,56683.8017329308,0.06188057991427021,56683.8101389776,0.06344172980127792,56683.8192144104,0.047374394227314674,56683.61683088522,0.06720785389437063,0.8989688546805062,0.005122739727675706,0.9003391768646228,0.005275132433492881,0.9011671018920411,0.0037929002231018123,0.8945118875506101,0.005873073110289703,16.303176527831145,0.0032784065208847266,16.306881301784266,0.004546628908939251,16.304845424687027,0.004547954883205329,16.305235309621935,0.004547575836090172,16.242700991903348,0.004540211590450391,16.388502715142916,0.00407429461858542,16.351935423103175,0.005940955544241345,16.359999033163277,0.005940087139401076,16.35116495563817,0.005964062180784878,16.364846228093665,0.005952267162636805,16.86253478027246,0.024189461349222695,16.87428616590725,0.02106103154681842,16.85186196793307,0.020939815413298295,16.945957658245028,0.021386511966655416,16.76940289117881,0.016313596821685403,16.702822783745454,0.016286554795145746,16.72032166795619,0.016084081568722045,16.806408751736786,0.016229658850640004
SN2007le,0.0067,54399.05223242276,0.04767987196122129,54399.014703153625,0.07459075714149457,54399.09618720666,0.056290627990421144,54398.85417473864,0.059381185903427745,1.0473986286000536,0.007012578392079095,1.0757556162327637,0.009833029544633822,1.0780930497029573,0.0077994918809755984,1.0818261938303415,0.008813404257774259,13.863298817421073,0.005963929160765872,13.85177717330766,0.005121020232471081,13.842812144202192,0.005331937445165893,13.840182165816326,0.005348291096030627,13.863594749007838,0.0053737033186027515,13.598568827020854,0.004840791945804376,13.608850633781465,0.006563587630761742,13.657888165433004,0.007062011844081447,13.659633810065738,0.007101361647041835,13.657628173004259,0.007162304241031308,13.980091944416252,0.007000655285865891,13.912925827791323,0.02479469207031935,13.923963792661233,0.02542177230190571,13.894080416450265,0.026416417187727446,13.764071873481113,0.010883980692423577,13.745822845158706,0.0153841345909571,13.767689459215074,0.0155076486045759,13.739354367282406,0.015711202559009565
SN2011iv,0.0065,55906.01108388652,0.058333642224368834,55906.000860988075,0.06578749686906649,55906.410014936264,0.06279746333756764,55906.21242152638,0.055983514181995646,0.6648386452508537,0.00759649015164785,0.6729571080225492,0.00713567415207122,0.6452954254109096,0.006763033965733397,0.6234434314645507,0.006904331805279593,12.424238761437003,0.0057284319055534655,12.404799158638596,0.00653807440895965,12.40622460319592,0.006365387457251036,12.403637473922863,0.006933599613001598,12.348781287461605,0.007320171455793018,12.49010992787432,0.005867334112286274,12.455451120572054,0.007330889427932311,12.458604178205093,0.0072048522477636805,12.450851531965888,0.007617234639882245,12.465427136138256,0.007934229961785737,12.222603089494214,0.4451164937443954,12.87530273371377,0.05596001314615647,12.837552472161924,0.058758460073691725,12.902098286501424,0.0585390382964729,12.803152018879542,0.04467163645201951,12.675148212110784,0.024516143623814244,12.638920010910443,0.025452865045376995,12.691961213326792,0.0257891657200751
SN2006X,0.0052,53786.5490040864,0.10804602503521095,53786.30188353377,0.09548409831965093,53786.348214362115,0.08841371757358758,53785.7140059422,0.15107822306144728,1.0273616684893452,0.013026509527497102,1.100832364941554,0.01289657037092848,1.1067254438324183,0.013713311004087814,1.1119381655978187,0.025805234278445888,14.810381221900153,0.0045527489408697976,14.811842617857955,0.004972799827452125,14.816703557373227,0.005493956605637939,14.828880630736244,0.005526098994648808,14.938595815687073,0.005555960996652057,13.642806218651316,0.005545160140731796,13.637199496710842,0.00627862084518411,13.689960632014973,0.007404005600598421,13.703045282525302,0.007451529616661139,13.67801744583008,0.007478933382428266,12.992829680130905,0.01350522365604088,12.961631527604151,0.030857845308456134,12.979171619699542,0.03193232176832653,12.811146090141854,0.0327227156522887,12.849255135004142,0.015366548739365169,12.87029054125204,0.016840755670147513,12.888444148697065,0.017219660077123056,12.729861356786461,0.017576693725331438
SN2008bf,0.0235,54554.71540258636,0.04738428625853707,54554.71824607192,0.06655358137167511,54554.68976446568,0.050411943776299935,54554.590504041,0.040373423917423025,1.0168229700241225,0.006762477464667176,1.018933381659361,0.009613193589702295,1.0312154995947067,0.007249831954108273,1.036356583330332,0.006065141468349129,15.723069745306061,0.007687285837043226,15.727484467947985,0.004896952919491873,15.722578517955867,0.004909417490151485,15.723055876750518,0.004996148035001234,15.735512632281004,0.005032240654904937,15.876158251903545,0.008741570186112753,15.892688844330124,0.006186870766622137,15.903285173932694,0.006178145700650567,15.90365598933203,0.006326595386347734,15.902433166775658,0.006387728525319248,16.521315203779658,0.19984981519307568,16.575083670935523,0.015292613646758456,16.56272092849792,0.01567517826874323,16.547068211788066,0.016146267563609446,16.35005351596955,0.012343205741169302,16.37274124526961,0.01350032881263249,16.39750618568122,0.013601360695378586,16.383133573444383,0.0137431526830257
ASAS14my,0.0205,57030.941119178475,0.06480546426817317,57030.91429767412,0.07424909067806505,57030.9609629385,0.05926509682510569,57030.79929644963,0.057909529409693766,0.9143424862276813,0.007975681161296893,0.9151656284717951,0.009261920285829351,0.9120415699628115,0.007142636488870171,0.901448549079662,0.006804834168169491,15.641285661387899,0.006561902056109692,15.639135999718476,0.004564452023938464,15.63026424754296,0.004565141666093286,15.623776195182135,0.004560431508573341,15.582143850031112,0.004548770512845115,15.680093376052955,0.012621292248253714,15.635923454830174,0.005987675337276772,15.661700794177083,0.005968908974710603,15.639479494457184,0.005981413615495011,15.641217773898177,0.005964265815225394,16.227568463982994,0.03189835957267905,16.141406540670122,0.01986152524607184,16.099899497976878,0.020118929814533462,16.14547357098591,0.0209380530097339,16.079134973333378,0.025393691959997255,15.984492485874156,0.015791629707883264,15.973856177583347,0.01585298908439596,16.01552013308775,0.016088838359202363
SN2007S,0.0139,54144.51112749482,0.08554887546751776,54144.767127973915,0.08085398994501247,54144.59103415454,0.061337149622761454,54144.32034890866,0.06300806738469092,1.1422981847247586,0.013823843343879283,1.1093608424310792,0.010086815446862116,1.1066389095696723,0.008174155994512973,1.1151471462518558,0.00906253251483581,15.682826998365526,0.008773954900221178,15.657056619690696,0.005749704126223657,15.656122154123562,0.0055439409529816405,15.664350059452804,0.005527263831744786,15.666153155613785,0.005576357805984596,15.336584190949234,0.007115248893931193,15.345341476703428,0.007364468767482059,15.358136686030885,0.007466883631032576,15.351037525220711,0.00745381196087383,15.352399309858232,0.007489215835539646,15.51617459788353,0.013584268364458515,15.492406600280255,0.032363994616269126,15.485022781747524,0.031934848317674555,15.481704956425808,0.03314659568231019,15.326540326984606,0.009405376267862042,15.31256721338059,0.01739119331512821,15.33033164931782,0.017206760590735264,15.32595280018393,0.017779132962570915
SN2006ax,0.0167,53827.09760803843,0.05053369984834935,53827.23488941561,0.0625207337602106,53827.23203411983,0.045143976248097045,53827.11551178581,0.03549042681295819,1.00813318112386,0.007524373889640374,0.9917439096281481,0.008142614764416682,0.9916888416825086,0.005722609495580928,0.9865364460877122,0.004911939858925948,15.122695655095711,0.017242889268806065,15.133450891083573,0.004846358138324552,15.114341753846706,0.004758847003831613,15.114035867599313,0.004758584697096875,15.105853262059327,0.00473497535500109,15.260504169684669,0.021592088842061537,15.262794216625739,0.0061153468496547205,15.273539805972899,0.006017668706737495,15.261490700029654,0.006031573622895551,15.257394841943881,0.006008874948252031,15.941132382947885,0.021861582219803125,15.900771128985202,0.016227824426791576,15.871434404326457,0.01620090377955539,15.87090057034769,0.016435371213531374,15.667434577437666,0.011196627141661862,15.719819259263058,0.013701661305422247,15.718566971423652,0.013564561677913185,15.717669211989246,0.013690464882567985
