name,Tmax_gr,Tmax_err_gr,Tmax_grJH,Tmax_err_grJH,Tmax_Allminusu,Tmax_err_Allminusu,Tmax_AllBands,Tmax_err_AllBands,st_gr,st_err_gr,st_grJH,st_err_grJH,st_Allminusu,st_err_Allminusu,st_AllBands,st_err_AllBands,gmax_gr,gmax_err_gr,gmax_grJH,gmax_err_grJH,gmax_Allminusu,gmax_err_Allminusu,gmax_AllBands,gmax_err_AllBands,rmax_gr,rmax_err_gr,rmax_grJH,rmax_err_grJH,rmax_Allminusu,rmax_err_Allminusu,rmax_AllBands,rmax_err_AllBands,Hmax_gp,Hmax_err_gp,Hmax_grJH,Hmax_err_grJH,Hmax_Allminusu,Hmax_err_Allminusu,Hmax_AllBands,Hmax_err_AllBands,Jmax_gp,Jmax_err_gp,Jmax_grJH,Jmax_err_grJH,Jmax_Allminusu,Jmax_err_Allminusu,Jmax_AllBands,Jmax_err_AllBands
ASAS15hx,57151.68252421726,0.05219079707270471,57151.728045747266,0.05399665959793723,57151.63863464027,0.03731185038291264,57151.63661514771,0.030561503656675797,1.0698478544630323,0.007878854893757769,1.0613875329489146,0.007399641242456038,1.0693038381698508,0.005734273971988959,1.066266602030218,0.0048666453577010755,13.1427040384219,0.0037748777495637416,13.141181202920972,0.004318737036203089,13.138779509440555,0.004070968945128532,13.137653917223403,0.00392829555665156,13.288888174002755,0.005043990516853205,13.286639088306522,0.005466581122813173,13.290753679717028,0.004983477817804091,13.289333832021441,0.004729360598740613,12.834378866072816,1.1080329182137492,14.103364074032356,0.022077466399606584,14.11347691509914,0.023043520507787598,14.113520511131243,0.021900076146570836,13.82009026768635,0.03114084062406004,13.886818801811248,0.0200466430946194,13.885388629536537,0.019942378194157343,13.88297036105003,0.019112881908081202
SNhunt281,57112.55099553961,0.0741706735913067,57112.57507616754,0.06656522533188391,57112.718635685706,0.03989354440389169,57112.685985988894,0.038438393150076695,0.7006873680246524,0.007796369804999439,0.6975986627784002,0.007067875714468625,0.6851767278872057,0.004283775243987802,0.68123288759973,0.004339253764807801,13.623478761129794,0.006496323181288326,13.622350324113832,0.00595295426587001,13.617487473077231,0.004891978765542811,13.61533699251125,0.004976825860140006,13.677037259658395,0.006125659343069721,13.676396731955823,0.0056493432391089135,13.675542787952338,0.0049581699304091535,13.674348880510157,0.0050659882013735415,14.056527279842332,0.07553704676522771,14.04291539778553,0.03592033719128542,14.057721056658734,0.03191394505674596,14.05783837167169,0.032645668557861364,13.948019601455972,0.013118502116596745,13.856105709999047,0.023804010569999007,13.868529412152633,0.02018361902098131,13.86806711446991,0.02051824405365782
SN2005hc,53667.1086361655,0.05332049566810023,53667.108727067,0.0515671748188985,53667.10807076557,0.06103264348904925,53667.15607029143,0.058146153805955385,1.1288472679750463,0.00911913351461553,1.129505836916836,0.008540354801884592,1.1925745198616615,0.005730054621153824,1.1927435775174935,0.005595111202550874,17.27404551627716,0.002555992150634297,17.272034365166842,0.002501924850795279,17.262663106819023,0.00388021952242796,17.262353656511493,0.0038529008069864935,17.395258864521917,0.0035870534705659267,17.39901645634421,0.003462715405109542,17.4185242310434,0.004269621463220437,17.41834958053199,0.004236711148891825,17.280214209420773,0.4535534538992147,18.002950920372385,0.05698692127742161,18.041540469725575,0.07914073311283175,18.040898241471883,0.07862726019683497,17.610534720920093,1.1242370528496086,17.961569123934066,0.020349785437813895,17.924552410247983,0.029189967049618636,17.92670324110885,0.028970943281249148
SN2012fr,56243.27230302688,0.037469499753727556,56243.372535232,0.03768202615210314,56243.32908394926,0.02607853687937623,56243.31086563918,0.024594699867991242,1.128637380078276,0.007387148106747334,1.1058087208001506,0.005766171733400344,1.1132504759865045,0.004883498708885475,1.116355125304558,0.004552167390369777,11.910051926612706,0.003249931939688692,11.90616582489069,0.0036570562578645306,11.90535978561536,0.0035709956675690734,11.905726586903821,0.0035931103408702136,12.080292943535138,0.004426008079530865,12.072381710584299,0.004529075393272945,12.077358882006008,0.004230923773097834,12.078552345688571,0.004210116505377563,12.956531929767394,0.022457332628690728,12.983502410954053,0.01871955594392601,12.990533400441082,0.018890660523473463,12.990794411358404,0.019179707249336347,1.864078108620846,14.28896441482878,12.77483452527616,0.011998817344219951,12.77190251453936,0.011987714906150693,12.774478678859543,0.012133583967581876
SN2005kc,53697.818793538805,0.08750003890607203,53697.82873644327,0.0598772360145545,53697.81614981617,0.0415355550270747,53697.76365666416,0.041798689217091095,0.9012939361739905,0.01241232827715822,0.9058621653752853,0.008608824353887212,0.8997483863541489,0.0055750083254525835,0.8993845319445712,0.0057034912303225785,15.469079443879325,0.009867717963237032,15.470871064482216,0.0070713731549791456,15.463360851906703,0.0067636345009976645,15.46386806937695,0.006998579738811014,15.294734367255359,0.009251336575504593,15.292051014482395,0.006718220338572954,15.293324916191764,0.006877980527686508,15.294573456790234,0.007122990815095434,15.049799668335307,0.7845295314426374,15.594391386274916,0.02294857698930337,15.594276276484438,0.02392614022943776,15.594567794711558,0.02481432455869162,15.484687149605897,0.013136999393756354,15.40589136975205,0.017618450210740294,15.397661093058616,0.01825382945906679,15.397750904604216,0.018920939262600592
SN2006kf,54041.197822207745,0.0691509104061878,54041.18985237761,0.05062379044578044,54041.318929154935,0.03794501269548896,54041.31702304552,0.03745396916222588,0.7457573802256686,0.007828960955009444,0.742925307598816,0.005650468894430702,0.7341656799437191,0.0039011574996219802,0.7331717544622275,0.003906755186636144,15.90852788820693,0.007178229311784766,15.907652954680096,0.005427757453339257,15.897935158995859,0.005471013783637152,15.89684297722367,0.005489443385598812,15.993242510539172,0.0062636641608882285,15.98883891861774,0.00482225015874374,15.988075635985588,0.005230231806715369,15.988274364874862,0.005257597070096204,15.828145910073786,0.37671727381115394,16.38874697394332,0.029181987665660533,16.403760278444352,0.03168561341670115,16.404370699414343,0.031822513858115076,16.39469506272371,0.01187506480019899,16.259040565885616,0.012020920004288194,16.255947143330026,0.012923393826408145,16.255943757856066,0.012970378398440173
SN2005ki,53705.194386883864,0.05044510922709977,53705.2334097966,0.04502201920692351,53705.347274075546,0.03382506581550319,53705.34213565307,0.032138540366987614,0.8329832328488065,0.0044596189351007905,0.8294216262802404,0.004108739691017507,0.825666379641106,0.0028019904575134133,0.8255827108067975,0.0027226249923701187,15.532277801700381,0.004158801808143528,15.530701446731019,0.003937788253059073,15.528432567970636,0.003969124826830252,15.529494716464201,0.003877502955130067,15.682119053719013,0.0037425712845160805,15.683227447703135,0.003545648433637251,15.684025307587088,0.0038386062162572487,15.685258565357769,0.003754369508697802,16.230562355402988,0.027766601178815478,16.269198225822485,0.01928138727575446,16.28241823173655,0.021277907641501875,16.282597558952702,0.020820745225667115,16.07279675748326,0.013227529653949176,16.125386550103155,0.013374285047883534,16.11242251021085,0.014753711864758788,16.112066053904876,0.014440264301505483
SN2012hd,56265.57977253594,0.07025354736194034,56265.57716337261,0.06610941907925875,56265.52928309278,0.044058255535967206,56265.530254468526,0.04010440832522006,0.8736532914140744,0.008390968386296015,0.8783816402694736,0.007733929454379869,0.8725722788439546,0.00506254465136136,0.8707718896239068,0.004842573292803373,14.804667839287644,0.008030953229126439,14.806819365523525,0.007664613073729555,14.800651180211284,0.007146933913704403,14.795664900093517,0.006941150788573829,14.73808994986659,0.007564469636819893,14.738828497490386,0.007293001198482189,14.73908723020471,0.007048601432370081,14.736766696000112,0.006848548854313733,15.136052508961955,0.017896176621933116,15.074474307877415,0.03832221991874441,15.06579084571029,0.03821408309892098,15.062471389931664,0.03731219868405812,15.02226557287044,0.021919036002707445,14.963959417886032,0.033879937572377825,14.960018323446626,0.03444490775336756,14.959758614163142,0.03361112316624045
SN2004eo,53278.74273856338,0.07280765008144516,53278.75046683257,0.06266902140713121,53278.5940212587,0.04214525593762197,53278.55783071287,0.039318775436956756,0.8172569145062792,0.008551696977231026,0.8181077436909429,0.007566412603591748,0.8228912761081706,0.004710119920245488,0.8195938295367285,0.004528723014428944,15.035559778774822,0.009985660141873716,15.035535746505717,0.009009646572335151,15.038886585766614,0.008237169641629561,15.034333795847507,0.008040230151372112,15.029248609205283,0.007994604098359163,15.02852142436835,0.00726765150204191,15.027519996861452,0.007415885345715454,15.025940296262458,0.007235121260400508,15.701414240917343,0.021888772918435426,15.612719664325102,0.037442093207727574,15.627847097080586,0.03847251831289827,15.627940779311059,0.03775845760192479,15.508782417778502,0.01083417443833113,15.42187649466339,0.02751765020246516,15.418826641029112,0.028334569619070615,15.418528396057475,0.02781708901591064
SN2007ba,54197.7593369033,0.09426910116033359,54197.758485068196,0.07745637816990933,54197.61947316786,0.0545439215214662,54197.57581615622,0.05577889992541896,0.5870494542343446,0.014308973482356557,0.585696826496887,0.011409131674619084,0.5444267048816006,0.006147174684205982,0.5428179744423806,0.006361426809627741,17.58247331901422,0.01232778304294929,17.58232617925995,0.010183838141734753,17.545831524260812,0.009847840440141808,17.540680516538462,0.0102555117034663,17.378709905262493,0.013164070740865954,17.369291397050038,0.010930575683843148,17.35383943420377,0.011870134914030422,17.352658447952262,0.012358294420223641,17.278092927709114,0.15014314682924046,17.520321731001893,0.08171689513665531,17.580711883652558,0.08738296770332697,17.581783845248577,0.09093009669832629,17.60633690260191,0.023202978031487506,17.61730217074115,0.030548952521411345,17.59947402188796,0.03291060150292893,17.60035322678406,0.03424601871587007
PTF14w,56669.889044804004,0.03654930636554972,56669.89089960183,0.03434919063490312,56669.9951626536,0.025222359680703632,56669.9471284258,0.025011955150542643,0.7382169701548023,0.004111421587096332,0.7375134541427433,0.0038411128735477778,0.7312611986195299,0.002778167949857842,0.7307505522893729,0.00284945163614513,16.04439707677416,0.0038221021662790955,16.043427670362746,0.0035932434342379133,16.03122971909851,0.0036162269197264774,16.030192224388067,0.0037551069160020136,16.064907152968406,0.003520879919660291,16.064048854142747,0.0033191060167298207,16.067176505183227,0.0036015776527897813,16.067812548659212,0.0037481311449015257,15.304039285789585,0.5033646702501717,16.436693684432615,0.031194297550562595,16.45761690926613,0.03409518046621156,16.45665536431326,0.03555047193072083,16.348027033095757,1.2485111357012937,16.373545886154528,0.020418041458320806,16.373821055012787,0.021788006192557077,16.36985694575889,0.02272553382966789
SN2006bh,53833.238340222684,0.05564808143221199,53833.25569204382,0.04987356327888978,53833.465964805386,0.03034945844764126,53833.45719395757,0.029030962814715185,0.8126829293746057,0.0050987499564499415,0.8077938627772032,0.004308299576624966,0.8019230543087381,0.002719578928046973,0.8016349374791063,0.00264397819226502,14.314726219717992,0.004531955804813473,14.311741765716521,0.0040894652609111985,14.309421232714158,0.003926696776709354,14.309092196730097,0.003844529980491449,14.427130579863606,0.0038640358700781884,14.426850615853802,0.0035535414233879518,14.426912278751285,0.00364749754343285,14.42697640504892,0.003574771662451446,15.010283620402708,0.011134437405743254,14.950199018063131,0.014093982115016768,14.956249406815934,0.014658680659441889,14.956166036611899,0.014382864738747928,14.805031720392485,0.015092139683795183,14.810391930257143,0.015409035535621025,14.804696946913435,0.015958042671509572,14.80448555273695,0.015644654460036038
LSQ11pn,55929.35403027142,0.06473297269389622,55929.36045676402,0.06472163443459995,55929.316077144395,0.05713858676204258,55929.28429168401,0.05690229190959657,0.5286073701571242,0.009163560823928855,0.5188657504177848,0.008689002515567245,0.50147651539047,0.008018400223208095,0.5003447945061567,0.008089825601337522,17.33402646717594,0.008024645721913033,17.332781849103153,0.007991436908473336,17.310884476887153,0.009842562590260454,17.309371370980895,0.009972660225997769,17.242688053069212,0.00717019265921845,17.228640147146088,0.007225690782537584,17.221452817462342,0.009193845331698692,17.222273661088703,0.009326318838654597,9.760689769342923,6.979637545290892,17.21444187190213,0.03669116274449636,17.232442100792717,0.046214933926661705,17.233078357499988,0.046800401661220487,17.394599725601676,0.009764831675354631,17.28680303170854,0.02568376076990221,17.30075883479443,0.031212633704118177,17.30052340170869,0.03164243985785312
SN2006gt,54003.65668516415,0.11605803155284267,54003.68267111704,0.10082995344939912,54003.60807035813,0.07471305676882373,54003.56217420685,0.07717034279950534,0.571692736958892,0.021132574238230277,0.574413654468982,0.01638083946179066,0.5526735571737786,0.007642072916107835,0.552824414958502,0.007970102366231004,18.09397583837679,0.00971736747975657,18.096846510490273,0.008402575739494022,18.041175681114286,0.00844319111965929,18.042013905094777,0.00879044796678438,18.059068949757766,0.009738089010915807,18.04703897235977,0.008499695769593056,18.057450044443286,0.008775440128382899,18.061103615410214,0.009129537605407367,17.94479366238413,0.33896970889453426,18.299183325545684,0.11787339430877442,18.389194612739836,0.12114891127096397,18.391159631250297,0.12602745577478414,17.698252506553235,1.0469913536655313,18.123942291459418,0.058728989138502156,18.11776021144383,0.050077564389579346,18.113952035070195,0.05217899076998377
SN2013gy,56648.88939592119,0.07709334814727126,56648.906248434454,0.06838969852074535,56648.87904139519,0.03961272660236565,56648.771724646365,0.036008480835120434,0.8989390492637148,0.006890159379287593,0.8998646355417287,0.006181262998398255,0.8947849326792092,0.003444924188297252,0.8942699242391677,0.0033312750303321815,14.691803702566677,0.006860340849553991,14.692309134901596,0.006338195448919661,14.683023865600987,0.004887306907781319,14.680003595131367,0.0048607645059338435,14.73786315698681,0.006656463356649132,14.738274799045817,0.006178015480775735,14.737804374517628,0.004957899970297109,14.736475975574727,0.004942881176719436,15.38139792508603,0.02460983665614903,15.319509614075779,0.03985890088359209,15.323793927438718,0.03365172936870574,15.32334606311943,0.033634272381212006,15.166700267076926,0.020873491677989846,15.131360665652648,0.03501512539761366,15.114318205432179,0.029621757950565698,15.113076176742968,0.02959542917948812
SN2011jh,55930.96667163453,0.032459249619922366,55930.965088776975,0.031241933382825077,55931.015557774605,0.023337239527176406,55931.06120955285,0.023041306612480668,0.807772637570469,0.004199413373370898,0.8079609488741173,0.004046408971991898,0.799291611425608,0.0028388006198588568,0.7983119726210295,0.00291110498221135,14.918861842582114,0.005166769718132224,14.919071078714012,0.004982983652286512,14.909901093352977,0.004854314451118989,14.908363858179024,0.005002069799944046,14.565031285502481,0.004189724566542752,14.562875614087034,0.0040412346905236915,14.56112217570579,0.004240313297977644,14.560511317797834,0.0043750195579876534,13.970622396480046,0.07455686903102751,14.474572745110342,0.023187749366595352,14.476312399542156,0.02607256541750231,14.477029846027769,0.026888774620057926,13.727196147385408,0.05106156909665042,14.379520580963646,0.019677178491199876,14.378305590717597,0.021732728637746664,14.380962849442655,0.022379223138007238
ASAS15bm,57054.30121846209,0.07042247678482061,57054.29218096631,0.06889289737504657,57054.25200714279,0.04758697709683552,57054.23477058704,0.04402523854417775,1.0052865500579802,0.010191114182280027,1.0064210708342705,0.010038928161434289,0.9988775093367926,0.0066844372416988455,0.9988273042656266,0.006431059506852091,15.715245066030446,0.006768463532147165,15.714533961731796,0.006688062226211478,15.699385804160393,0.006581176014784653,15.698716650525038,0.0065176805733422995,15.648821939758117,0.007929182788616042,15.647537697258315,0.007833742474715829,15.654963487200568,0.007379147246863106,15.655361970258538,0.007293323093786893,16.018276767298914,0.03772483835220519,16.324522546085436,0.022016172576003613,16.35153607296773,0.023343105787532896,16.351287559249464,0.023204235814512215,16.06918238875968,0.03101852887926208,16.08693426843843,0.018498951506486394,16.053316882366875,0.019405746172562965,16.052426944928126,0.019283412000742434
SN2007af,54174.45570156306,0.06548273584328192,54174.48828085046,0.04128868970923089,54174.46394732036,0.028489246269851227,54174.40761567416,0.026747053304231713,0.9304407084055222,0.007101900819637342,0.9343993627617176,0.00408082720587207,0.9260593114489051,0.002793560345372717,0.9256629926263299,0.00279144021224025,13.080572830830066,0.00712815473376716,13.083192618134905,0.004918874717364372,13.078089462717326,0.0047268841570432315,13.076009094999845,0.004788788085329658,13.096626401212536,0.006712258970849434,13.098701562141486,0.004693404009950762,13.094166380573542,0.0045506127262013325,13.093157061437186,0.004612332114542037,13.64291718413012,0.008245176578114174,13.62241992386564,0.009197462765343138,13.618398549070601,0.009257534491401067,13.618654478598106,0.009387440256659359,13.50188161210968,0.005156901009689145,13.47363418543083,0.007382758943667063,13.467434936065153,0.007507110197835027,13.467637590581573,0.007617470741251171
SN2012ht,56295.66088617349,0.039220424220972196,56295.73708973615,0.034443403193759804,56295.7450478549,0.028137863048927365,56295.7488334448,0.02580067141140365,0.8480711710257774,0.003145929603161475,0.8431852906224669,0.003002617015284202,0.8496877967544696,0.002098232962132563,0.8525677437748286,0.002137433381707993,12.964198283202371,0.004974512360916069,12.96078909851097,0.005398895753006932,12.96773589896613,0.00509864002976244,12.97146667698116,0.0052490352126679215,13.10495511539364,0.004354815511814648,13.103973227828515,0.004862988539106949,13.110183992124758,0.005111202215819325,13.112586930226774,0.0052961909231800134,13.601039633184559,0.014454994218096871,13.632391026329804,0.008672243541763295,13.640544876678755,0.009309280414390072,13.643490164074686,0.009653864115242933,13.450810255340757,0.01302705318366262,13.430216880891622,0.007050323372039403,13.430871665435067,0.007705700791322843,13.43210471907386,0.007977707160965344
SN2006hx,54022.18474673344,0.20272761228753844,54022.276954764086,0.16098512349269878,54022.004616676335,0.1241655655314802,54021.77216858575,0.14041708813558482,0.933185436864754,0.025309079360478406,0.9389776221169479,0.01689978809682582,0.9778837885435098,0.014452285775172656,0.9884267287212694,0.017396710166339185,17.48662290890729,0.03572650638524896,17.491090955344216,0.023775261853037084,17.494549948251702,0.023781582699295475,17.50018712379188,0.027660498752455683,17.436674865825662,0.030815098095420282,17.418820199949764,0.021853084752043513,17.465069757308797,0.02495341700902137,17.478813567021863,0.029544898114000167,17.222710733627714,0.23495454268816615,17.829873993505934,0.05217466095033012,17.889159302947533,0.06229460626348222,17.902379318196786,0.07262624155783468,16.6603625021936,0.5247792515966871,17.715218660584235,0.05038435207675687,17.727549638605385,0.05756672020634913,17.755570816491147,0.06556582747336433
SN2005M,53405.98139856311,0.024735166660094114,53406.00148578456,0.03183743179815079,53405.767919128506,0.02187107706502455,53405.74940242437,0.020150654561823314,1.2128860313230518,0.0025685999232394827,1.21135759204863,0.0032931119303186165,1.2103720201451336,0.0024995904192591065,1.208851860404076,0.0024096086280695392,15.870452916103657,0.0017817801629521621,15.868994292756799,0.00229928004500067,15.85912899317886,0.0023472357315629266,15.860327671682748,0.0023382157746352893,16.00613386546924,0.0019339882474353788,16.007194894094464,0.002493718504840145,16.00448195001771,0.0025484529965043435,16.00530638465222,0.0025390145878401564,16.75186564525949,0.03180714862820906,16.69145029444265,0.015237887622262374,16.701447722833166,0.01652755022543672,16.701872158597567,0.016518875140540457,16.43202622422161,0.04207283175474254,16.616782502016267,0.01671149682048846,16.60245135385227,0.018276863597056277,16.602568290799187,0.018295560922083374
SN2009ab,54883.28495326944,0.07184947898170106,54883.31424406163,0.0491863805096627,54883.32366439229,0.03691104334905744,54883.254212384905,0.039661993448660476,0.8818855386427794,0.007835951476793371,0.8816068240101848,0.005723910588199844,0.8740101738532065,0.004202117158697619,0.8739029312539118,0.004738793174922436,14.65145074587629,0.006954401466441785,14.651061817395119,0.005157237642242575,14.64711221846823,0.005411294456128962,14.64812767682545,0.006138546241150435,14.709339886711252,0.0064694474736231985,14.707548463820135,0.004818425807382224,14.705972513338946,0.005241129933831003,14.707059598192423,0.005953748612838112,14.264954147942554,0.6261943408025821,15.202348738214766,0.01842001384223262,15.201348138534383,0.020046117961602935,15.200965402979191,0.022788794941246086,13.588780827340118,1.723779526404009,14.97693853976276,0.016564138136468544,14.958853474156053,0.018070373378895385,14.954957629752604,0.020617713880273773
SN2008ar,54534.342637465365,0.18388239381872282,54534.580781042874,0.08626963686995208,54534.605145365545,0.0539325144931229,54534.60661218535,0.0509495800884291,1.1892162587460138,0.021338361002777445,0.9776565636604746,0.010557866498926607,0.9712170352774545,0.005879149177390005,0.9709794530848218,0.005674452910124321,16.24967034163788,0.014941742952910864,16.195043494343217,0.011030254098600319,16.186396068978237,0.008554343696247198,16.183324579071694,0.008287660614686025,16.383070831255434,0.016230075930166888,16.250259383081264,0.011701152216870661,16.246937260850917,0.008810463957781829,16.24548735234928,0.008532608068726077,16.44046077216862,0.22634872913693113,16.876264942451378,0.06309739561277597,16.896130938970565,0.062001268375657406,16.89545291724894,0.06043961130433979,16.446726195286182,0.8384126757839185,16.844828643773738,0.02978541414401842,16.808874008847905,0.0290496111463211,16.809504853841315,0.02831527430015
SN2013aj,56361.344196974016,0.04711960875756428,56361.37747468138,0.04900255471084175,56361.362770148844,0.0386363873877147,56361.37674340371,0.03675218158231382,0.7786324931269331,0.004766213132783634,0.7739572628655927,0.004790345130131275,0.7757777496214805,0.0030903934705460686,0.7761424608197175,0.0029685620699230137,14.004747678784279,0.004639728969955456,14.002214355853837,0.004871495181357214,13.999586085368174,0.0041724693574421426,13.998834903820777,0.004022380437888317,14.111140246728212,0.004768559288129642,14.111014983669547,0.0051052470958804635,14.113072714555697,0.004852768939497935,14.113173719226252,0.004682667616751878,13.167703546658716,0.6303056294512303,14.461557126677153,0.024041135736475924,14.469954958752162,0.022872584495575467,14.469183082362074,0.022037742341342457,13.309925114985177,1.625020305162233,14.322162432869897,0.024676032890293232,14.313336680574853,0.02363694256325481,14.31302252051583,0.022841755657579475
SN2005eq,53654.509953289045,0.13053667008671618,53654.55934995788,0.11050327280799638,53654.4959186184,0.06918932438190692,53654.52146657352,0.06478949176754853,1.1200850480568414,0.01851559331773453,1.1151918520296287,0.014802350745641776,1.1236391282826408,0.010646866100990882,1.1226000027282967,0.010361593676417294,16.230706605574,0.0072914767564843325,16.231369944600324,0.006376161093686682,16.21892841195016,0.005496345554357375,16.22164968300623,0.005437038014202162,16.338080116441404,0.010642174968902565,16.336681665284566,0.009170020082920362,16.34653804038086,0.007315476230019558,16.34861414452701,0.007303125263198971,16.88280936941093,0.12695716406470392,17.050265794069645,0.044158299356221085,17.094441727293738,0.04164959943811227,17.095573329470554,0.041694714820455434,16.817278172137758,0.03959500239514518,16.799663811545177,0.029977413520676705,16.748978475812187,0.028244100678227024,16.749922082658113,0.028123984209238156
SN2007ca,54227.406209676585,0.106127067322966,54227.49436753226,0.09084052716397717,54227.4139614895,0.0639318366637039,54227.384673919354,0.05858196651723168,1.0524617013517794,0.012917649811676207,1.0438915954311523,0.010325197301161044,1.0527406954671674,0.00738988038425475,1.0570918117447852,0.007272140336451207,15.7539369284272,0.006004366043372115,15.7536339118937,0.005818346110950235,15.746730501078419,0.005398589374429572,15.746326723562415,0.00532854719882089,15.586398109486328,0.007238020283960548,15.582283930564857,0.0067113871083191515,15.58692052950221,0.006146253988164291,15.588264253656495,0.006112748591594839,15.70012505893285,0.03776880117098597,15.719183550135558,0.022091414132297572,15.73145571875577,0.02210000879274954,15.732926535876135,0.02210038577094097,15.715036180376066,0.012296048666429383,15.654345153661495,0.01897190072519025,15.636789693102338,0.018814318690464352,15.636617159385088,0.018664519542107627
SN2008hj,54801.49158135661,0.05183573933204833,54801.48329370726,0.050816556126621705,54801.461770675625,0.04173074908864762,54801.49342264057,0.040966362648415515,0.9983161048922716,0.00715238711904512,0.9992819487714099,0.007075382914534437,1.0048489451659477,0.0057154816312656506,1.0102862087518805,0.005760906184697586,16.742486986406576,0.0036471294570074786,16.74076738260207,0.003612339954965607,16.7324776860984,0.004229741268706297,16.732369278256098,0.004261144044555392,16.85846458204574,0.004273471074935627,16.86276307009942,0.004238018864369903,16.871508689456178,0.004830416335876405,16.872155142648175,0.0048838276754065825,17.20030221385053,0.5403997610184971,17.63365727653905,0.05041857421352803,17.664363012800628,0.06486739059539502,17.661656439544387,0.06550527236322742,17.5296262621333,0.03585617464562238,17.602522152206795,0.021375965631959547,17.538518079932622,0.027041483568377277,17.541734693424292,0.02722915129042561
SN2013bz,56409.837004189576,0.11054969411549365,56409.83481085452,0.10633649716160373,56409.697005148875,0.07613408848737772,56409.64805820058,0.06992175903186758,1.1139203022830595,0.015789595900416467,1.114639989821098,0.01519613947954878,1.1179758844264662,0.01165177560892189,1.1213650058508768,0.01113454115861457,15.355833374929938,0.006574978602477278,15.355157091473123,0.006346265012980596,15.337990926174351,0.005704912855570003,15.340821636219578,0.005600599172697767,15.353428946877624,0.009738946360561059,15.35265819060771,0.009381924422007694,15.356637638477574,0.007896686553882584,15.360316791775873,0.0077542772186243464,15.882898316565443,0.008882594070945988,15.905544210487642,0.04245094783256185,15.93678580792189,0.04138661805729169,15.939048176623213,0.041226316578903216,15.609991797030908,0.011314063945260912,15.641954521184287,0.02923441270582155,15.613575775506874,0.028291127955098687,15.613467347886335,0.028148453939669377
ASAS14lw,57013.872414235266,0.1066136302311549,57013.88593691592,0.10373290944920054,57013.81852653732,0.07434805709120974,57013.781057439155,0.06648115717462211,1.1375534534535172,0.01897469410556523,1.1350631162929312,0.018123257334949277,1.135386974439604,0.013801584556702703,1.1388187583442801,0.01203380696242028,15.541211179956646,0.0077356152606246715,15.540232570810318,0.007621085347534136,15.528532493037481,0.007988507351707782,15.528971738719923,0.007701215383997808,15.709042138934162,0.012263034805679083,15.71017042069602,0.012000019004998237,15.718758316737361,0.011093826499890866,15.720922160019285,0.010420069838022903,16.641558676847403,0.04211072987338783,16.507749701431845,0.11511369275657996,16.53430001245792,0.1221475111322603,16.528981000303276,0.11738231700086903,16.21874212469813,0.05449826486459528,16.41389743902092,0.09839031902850748,16.383128766161203,0.1042486214424919,16.388521189427962,0.10060193732864016
LSQ14wp,56717.244932328,0.08856411750037875,56717.250011927914,0.0891506245615536,56717.143826636726,0.06968010147719159,56717.236459170665,0.0614750638474237,1.1185434533778396,0.016591282647778847,1.109972043557538,0.015822694879956613,1.1301067320726943,0.014973370995159788,1.1237384573248943,0.013682768643963582,17.90168621803823,0.005064653590126641,17.898037099755335,0.005228110918691295,17.871478118899518,0.0053824751962085774,17.879057452466053,0.005284632738485656,18.071722444826378,0.007744243662450662,18.080896457115944,0.007927607450796587,18.1135705170518,0.007571584671420267,18.1270441593098,0.007409557442546257,18.76755065001018,0.03185589541688787,18.798691366350173,0.07821398775155528,18.87673301130872,0.08135656187607757,18.870919270772745,0.08028698423351616,16.457411530614888,4.973931016013022,18.699185171211933,0.034687293717251204,18.657697943605516,0.036866043732635356,18.64951820324003,0.035927887196890634
SN2007A,54112.981453231914,0.09278713865601869,54112.99730052717,0.0897784939931383,54112.97689552564,0.06536691098441771,54112.96097373487,0.0642153789970135,1.020257500926129,0.015360388468076228,1.0165159990102728,0.015183795311428418,1.010626622481916,0.011102976780505142,1.0108972792074937,0.010977683428611837,15.612987715183731,0.007044243177792176,15.611507843092681,0.007123487179958143,15.59956692561043,0.0078017547835824005,15.603609066342768,0.007771606385154129,15.521102350089741,0.0064937571400262096,15.517427740166841,0.006537619186032456,15.52051146266303,0.006785007683986747,15.52276756818737,0.006753490936097286,15.808162097701405,0.14462133812410086,15.976006097091966,0.03614097308277151,15.99760940727425,0.050958736258789376,15.997698690839808,0.0509197266190404,15.703902041883072,0.02185246593879025,15.73298538847445,0.014908969479136936,15.710120186158381,0.020863794450942646,15.709254027548864,0.020841558803996543
PTF13ebh,56623.27139223639,0.04375837001366028,56623.27050304248,0.04085413504801622,56623.34188817682,0.027464684989531817,56623.309569059216,0.026870020697366805,0.6353736913185254,0.006484540894679546,0.6323862674269136,0.005985759370618477,0.6135026527633627,0.004393477712738743,0.6092901759881908,0.004371347579114079,14.982153531048398,0.005485980576804593,14.981020753938518,0.005143040586069034,14.966617796818959,0.0052229491162726575,14.964926495825589,0.005281219065108201,14.922617068687895,0.0053747467645325845,14.919735056867614,0.005062347864764612,14.916929442430359,0.005347355199857084,14.916558292734132,0.005413283436629306,15.253152966573099,0.02505697195736136,15.198192917649939,0.04100835986056412,15.213713139727314,0.040756425741004486,15.214372618647602,0.040455405373611024,15.120962270846762,0.03316112359313362,15.070170298925783,0.029995077817553003,15.073938588752865,0.031150760510482257,15.074711788558256,0.03141080894744825
ASAS14hu,56935.25184194431,0.06622413263189936,56935.22452179512,0.0638508392837841,56935.165034739824,0.039281638907349266,56935.27385332774,0.03887990820362593,1.0740608394572306,0.011692774655995846,1.0795991238844416,0.01142074804626653,1.0879085737688445,0.007851664264867006,1.0821086286754276,0.007860619339527824,15.396958530765295,0.005223981018583451,15.397448184833545,0.005091669516741105,15.389953650101866,0.00437211090476372,15.387854914803146,0.0046988715649769015,15.560516874892127,0.0071189692134789985,15.563883572779234,0.006977156006539765,15.576311536066276,0.005713123312301146,15.573615818491087,0.006034078304697494,16.346130055524622,0.19007092294001793,16.46354159447706,0.027471120040556515,16.488756513755703,0.026579822380187013,16.490454867079166,0.027551911631983148,16.18088288466908,0.006776323549579428,16.217763450297195,0.01881939049716341,16.18646433569597,0.017835115420729068,16.190296728442313,0.018748641588664926
SN2006et,53993.954514473866,0.05447454139428648,53994.18984575394,0.0608470962720988,53993.86811713316,0.04586164751276765,53993.85009501461,0.04301733034388032,1.1604738150020855,0.008241106017778652,1.0819896162967746,0.008482359356037972,1.0897601309182667,0.0076823938942712265,1.0935092406411329,0.0074496339320726124,15.89533475156374,0.0038901479778050167,15.89390882742661,0.005198191370843711,15.877564891979272,0.0055665203846410015,15.877544997222506,0.005365244111614196,15.842320093730354,0.004174971353901822,15.817371937257796,0.0059912991047028075,15.826392628426248,0.006254408841928033,15.82822049116771,0.00603912955960352,16.309098273028372,0.02842040264112999,16.413618553272578,0.018048836203877695,16.435725090918282,0.020698602765425178,16.436067361450522,0.020129733863339216,16.132618074297483,0.026418271619533442,16.210124325117892,0.015026205454860261,16.175032664996433,0.017025158442466423,16.17577323047766,0.016520598090400178
SN2012hr,56288.92841148296,0.04236483527196444,56288.9324967655,0.04106496460082974,56288.923146464746,0.023563535024074315,56288.91499754844,0.02084350141701476,0.9716833416556153,0.00457122381029566,0.9695227056686635,0.0041801339544889175,0.96061776400957,0.002496051853499682,0.9620557800222952,0.0023393859142578025,13.577878179947641,0.0044391468634810295,13.576447037914896,0.004301158911564773,13.568305249146013,0.0035195109075973315,13.567493552583551,0.00337428831821739,13.702004167824636,0.004504661158575054,13.700922349166301,0.004347377653400704,13.697716212046073,0.003518154658393519,13.69782960787415,0.003375449150393056,9.562092599055449,12.448457597625737,14.415131010352104,0.014195845746708449,14.414830109491284,0.012632071663463269,14.415778127166577,0.012139799924644777,9.796860096379156,13.95287617040173,14.165033860253255,0.012145209578426696,14.152344931545493,0.010922843354608209,14.152673943433658,0.010495630586947809
SN2007on,54419.905711319094,0.5384919480686479,54419.91575690726,0.5069110082228425,54419.89844434973,0.4951250038624911,54419.78152018989,0.49583906551015,0.5951977189413162,0.010710507479667905,0.5745322361715174,0.00487830169421338,0.5781338617368278,0.0034333093170075676,0.5747538732460218,0.0035915510709350388,12.935383339179129,0.00876487251593085,12.927598312284164,0.005977838053794708,12.924999680461152,0.006991621764961651,12.921823209416218,0.007617688947641423,12.971337595035946,0.007988718599336753,12.973707965223998,0.005458119759215385,12.972716390709461,0.006494138076474012,12.96876024954028,0.007067558183777164,13.220076643158581,0.044541604208332315,13.256317866053893,0.01117443223172129,13.265264751714403,0.01401016467228779,13.264006924563038,0.014899704624807832,13.119870243695027,0.032669182394227905,13.112313007329165,0.012493482622320695,13.098905819914467,0.014821000427821012,13.100388981310775,0.016021794547344183
SN2009aa,54878.397735758925,0.036854550833214386,54878.423025260876,0.04012581704109577,54878.379727942236,0.028883556867328176,54878.23314018392,0.034232794104437525,0.9020982833196993,0.005277796704387892,0.9134822310810186,0.005291835316778025,0.9105187847980677,0.0035619379345845944,0.9081972522963907,0.004431621878947946,16.262862394550897,0.00452108253375948,16.26622780707878,0.004926290511578734,16.264111290372597,0.004670020531229585,16.26754049846378,0.005869835697961256,16.365126104603796,0.00479946513372027,16.369987668090914,0.005283849338833466,16.36746138108719,0.005163739931757706,16.36963165008955,0.006502201844853071,16.968729576940103,0.014134229011654174,16.96046905905918,0.016119145485155736,16.973081999424817,0.016495244486453356,16.974667482151382,0.0209060671100049,16.70919459947102,0.013572958884275845,16.78734501589037,0.011682824851550103,16.76859185333592,0.011997515622178179,16.769716816251005,0.015212881881731944
SN2012gm,56261.69555975587,0.028747666364896722,56261.698723410445,0.028049143772452344,56261.6463448693,0.019589080012068185,56261.648663684726,0.01872284056785509,0.9843971221363689,0.005603627641361109,0.9805251347929312,0.005366683866303104,0.9805224001476274,0.0035981796384984156,0.9823086376242929,0.0033791675585192974,15.240000450524326,0.002229007253732747,15.238753306053415,0.002207277069934173,15.231822144172902,0.002269951679934287,15.231954118645687,0.0022201335136317955,15.149276797026458,0.0026204142193841417,15.146272596772821,0.002574754705097606,15.148604945791565,0.0026020604848827392,15.149263781162816,0.002544689146192525,15.45354205924912,0.02136005033583084,15.480988953063841,0.011648713507591642,15.493289939721496,0.013237115104802848,15.493982790381745,0.013020963598033593,15.287788883290183,0.018437810930040065,15.290783282497436,0.012182081131233908,15.274941773236572,0.01386003597178156,15.275463385643551,0.013647094774337516
ASAS14lp,57015.416260218575,0.057271208531353236,57015.695229845885,0.051152938883125464,57015.453754800874,0.037144113254459904,57015.33442951737,0.032311578728702745,1.111677449995108,0.009629087784433206,1.0593918778061808,0.006562084792315126,1.0692947862003497,0.005318000315068433,1.0818990214095663,0.00508701751194485,12.041482646031858,0.0036582855429778418,12.036244716852112,0.004260245500309328,12.030680000561592,0.004315052057869544,12.031235081782144,0.00433035064230267,11.935673659560187,0.005327988760289111,11.912623447328453,0.00515861922383001,11.916078105796597,0.00489074164321123,11.921050415197927,0.004889186907404703,12.19131456184929,0.10151094687261823,12.40596146373324,0.017030967469425173,12.41795456233493,0.01919384427404561,12.423191354983633,0.020452899572575442,12.102261831159367,0.11462619347222021,12.209625379959602,0.023935311864007446,12.203985262309967,0.02639623665777042,12.217279509301518,0.027177642570118028
SN2009I,54851.98324317838,0.30775512667472665,54852.11624434068,0.18135491416545568,54851.89340584237,0.13113355085674674,54851.8869215183,0.1269941892889826,1.0728404780485354,0.04384497717105383,1.0625423536904004,0.02652788910131805,1.0643122164071923,0.01922735314110561,1.0643664093679206,0.018805488068322707,17.903946436381254,0.01656018491760798,17.906384691265927,0.011850691169311962,17.891863337402494,0.01041405160142162,17.892539493510945,0.010196739450898763,17.271876409156768,0.020444871752429435,17.256558556115618,0.013868667364007473,17.256224138878107,0.0115408385497606,17.257008837230952,0.011301379498532946,16.540274613342707,0.09737199394563589,16.94436202334274,0.04638120393439322,16.96534448246729,0.04177871082169156,16.96547913374967,0.040920693538225895,16.763539014603467,0.01206054083145726,16.771442351102017,0.0216114592043555,16.74117619142722,0.019380462029597884,16.740923383104906,0.01897774338524178
SN2009ds,54961.03578457893,0.11392316992643553,54961.058653193104,0.11140003356632446,54961.07966199015,0.08063971997692503,54961.045477936255,0.08502551808891066,1.1183285602677224,0.02597750379992003,1.113353878471451,0.023415553111452835,1.1136282861231404,0.020247688972689117,1.1246892748772024,0.019685397331906794,15.428273593653321,0.007056038825312909,15.426261181166582,0.006946259866233231,15.415466641620402,0.008206010995511385,15.4183663943725,0.00869419300472586,15.431344817196118,0.009646451030130957,15.430423067228316,0.009478770206816407,15.436501499101627,0.011408673693354437,15.439523357813687,0.01224844783260723,15.713098334998689,0.09794074628718051,16.25815260485882,0.03509024108142434,16.316172960047552,0.042993768236636025,16.313850136701166,0.046556526863330124,15.490977904397637,0.5176932853893044,15.986538160403123,0.026263879011104902,15.926489685002535,0.02920672797436738,15.914212701534899,0.031873672966630504
SN2013M,56323.75388825331,0.0807017741286934,56323.699084523345,0.09570039944273134,56323.637527797466,0.07360668257666408,56323.62843596794,0.06744854379151549,0.9146100053232923,0.007317599991006302,0.9162972179076564,0.0085739027160494,0.9233429164663536,0.006375707200121568,0.9248301509067773,0.00610147971968001,16.59873164107701,0.007151792718982361,16.597226048096463,0.008440904254448132,16.589020405048394,0.008293494072077738,16.58990938789218,0.008096786035084562,16.623792806695363,0.006824555724500999,16.62346311642922,0.008088981009481997,16.634841213960016,0.008254991872472412,16.636651650058567,0.008086649696458793,16.553477375412015,0.4456331604392822,17.11817731717335,0.06269427674830902,17.143617357410996,0.0645248567820202,17.14750248342163,0.06317092574036509,14.695108932576394,5.627282822475532,17.115621519544906,0.02994802711151976,17.091928390323602,0.031318643261361814,17.091999646423897,0.0306810064178097
LSQ13ry,56395.523671341085,0.045851748444115346,56395.56661064565,0.04634512607066558,56395.54355706713,0.03391060917613452,56395.457771978006,0.03498468750644046,0.8648757936038027,0.004836660823706389,0.8617239768235562,0.004977528998193621,0.8639344962791148,0.003549288433321177,0.8623992142234104,0.0037896776739915652,16.524513420377325,0.007567806980230703,16.519821527615083,0.007910374899021192,16.519270256875128,0.007471383104236174,16.521513770233092,0.00806573344482758,16.67556022811806,0.005036085904557993,16.676958022428764,0.005309123436944091,16.677799412494423,0.005730179635895364,16.682441143878055,0.006217172770442367,16.828034174707504,0.3198615442252134,17.31341877280333,0.05365663608635844,17.339330461045876,0.05883301940454093,17.339618215941083,0.06403934246852963,16.819394345392233,0.19771185956965706,17.158675016238853,0.03866861820654438,17.145442518656864,0.04263906590711057,17.143248890346264,0.046517358805153196
SN2015F,57107.065122258886,0.05522523386722892,57107.06144224241,0.04736940879112939,57106.963499858946,0.034256065392411,57106.87519868198,0.03089341235124321,0.8466194689778096,0.00624144913565111,0.8473258089643498,0.005277015673132875,0.848981928233995,0.003670262439071433,0.8487871775096488,0.0036095972879434213,12.682836571835077,0.007861060731812287,12.683769928173632,0.006770164237969498,12.68539083995974,0.006513484762819763,12.685004319059837,0.0065088671512619645,12.672300201767518,0.006177728500055504,12.672205968137767,0.005386233488589384,12.672510095948297,0.005848741354374109,12.672377710769362,0.005866725345990331,13.388596542614009,0.22137570815460736,13.066907091687309,0.028986547954628152,13.070260741382999,0.03227938345481724,13.067934864306379,0.03250246694892097,13.301299026463257,0.16633869963865955,12.942246647753116,0.034045095848208536,12.927901247359333,0.03835058475463031,12.916386788013781,0.03891675524164805
SN2008bc,54549.635423976666,0.05671379396504105,54549.61107019056,0.04763727865880003,54549.55731943163,0.03065712827262319,54549.56680424444,0.027554014618148607,1.0436926563054036,0.008804012409441975,1.042533373502939,0.00699763404486689,1.0445326590706052,0.004426999229471394,1.048689314463491,0.004330404125663042,14.71703538998417,0.0046463896232305955,14.717001995626198,0.003943020731155954,14.715577632927074,0.003985600372512407,14.716014758016863,0.003877673689865952,14.897179593645086,0.004954525077902173,14.896702029931504,0.00425165331641672,14.901746733955777,0.004527686850030894,14.9027749100417,0.0044401667953194645,15.5038548158163,0.7024148997823609,15.756702775496764,0.017975497319183333,15.771653114131595,0.01960914343699611,15.774259953830791,0.01935256210141802,15.671810170854258,0.017095168758330316,15.554815439580729,0.012726529113908166,15.53321479958341,0.01399205561588063,15.533814270271344,0.013724414025737606
SN2008hv,54817.03939910477,0.04368148621928598,54817.03789646096,0.038391873964329096,54817.057053041564,0.026553032795927745,54817.06114042725,0.024927718178490904,0.8490691048940983,0.005116451717912499,0.8437193304484615,0.004286238842139234,0.8454185350477463,0.002839408511464385,0.8458465362847685,0.0027630843885497365,14.699750101533866,0.007117035985298248,14.694510939445857,0.006241317719088829,14.695463639769407,0.0057776108903649466,14.695517667073402,0.005675327091870232,14.851049115595266,0.005742208885705194,14.849185483562524,0.005130579821151294,14.849767338544913,0.005263210813015455,14.85037104202466,0.005184664220147446,15.462575004401735,0.021615467724241517,15.484699844142538,0.014954786116891838,15.496924122615855,0.015599797359582567,15.497345469875144,0.015369542996370417,15.22873748243444,0.008760754141195978,15.262866380681649,0.012705318600457595,15.251567177500334,0.013494747558802067,15.251754158349144,0.013288216957260506
ASAS14mw,57029.23168374969,0.07190018820915157,57029.20515444464,0.07138015679611201,57029.13538244251,0.0480021426555809,57029.10574201818,0.04424835048434972,1.0483648377600183,0.00833158496342747,1.0512351082089544,0.008424248773891358,1.0598012801590875,0.006040695346524081,1.0654882356138358,0.0060855673175555965,15.840214190046497,0.004165079842944029,15.839265395275609,0.004207908457514219,15.829752726616482,0.0037316685692149604,15.831828737616194,0.003681724454751638,16.013041438001473,0.0059196475933866325,16.017059994921983,0.006008567352594019,16.02838072213663,0.005054201577437445,16.032421548116307,0.005049308421102293,16.144716220552308,0.715104298039821,16.89029763992899,0.027820265311001707,16.928797942206412,0.027517060702957747,16.930662635767085,0.02792514404313433,16.5526241502639,0.014946164358223107,16.6599312058252,0.019991747853489752,16.614235128451508,0.01927197390073924,16.611181541720192,0.01927011761376228
SN2007bd,54206.793810960145,0.0768737447566654,54206.79243940838,0.061031739554613426,54206.842350495186,0.047632358073271396,54206.80262741135,0.04217543883672173,0.8812552644399341,0.008781154139716975,0.8812680699764627,0.006998381928554666,0.8809535431328651,0.004999269450184175,0.8818854890551657,0.004656493556418417,16.501152655518695,0.010310152138267996,16.50009351703642,0.00826230937670068,16.499802258754276,0.008317781047111996,16.49575133136193,0.00773585298394785,16.605865824927605,0.00895027862958255,16.607314757747943,0.007184221983431744,16.607433634096385,0.007958972353096292,16.60519636932604,0.0074211320434042745,17.034088190451403,0.6453477217992281,17.25862225794707,0.05392773956629239,17.264092538446622,0.06144456447092636,17.26660834573789,0.05730557372482654,17.032280738721788,0.03532108817523493,17.099424251617208,0.035718316310476256,17.083684066217188,0.041205015569025255,17.085853831715987,0.03842572514404138
SN2008gp,54779.13516605633,0.10621432429183252,54779.16142476737,0.07809722302939477,54779.08320628997,0.04132116237616337,54778.98555904872,0.04024791971628382,0.9801126223742148,0.010403225063235598,0.9784761898024184,0.007786052416256315,0.9715112763583718,0.004418960220279828,0.9732718284076253,0.004524602376169948,16.409928489325765,0.0089622044330466,16.408957493851684,0.006973903939083632,16.39263155294227,0.006181719223239308,16.394787721686253,0.006597717702616431,16.573740860287224,0.009343075193947328,16.572649335334045,0.007223077451643685,16.571708947158847,0.006139917784968788,16.576179814462876,0.006549539506133801,17.567964833407345,0.05834220628943657,17.4406977506789,0.05814072870708044,17.466322446033427,0.056705340927706245,17.46926982850475,0.06085538896032498,17.07489405017057,0.03987342927927372,17.11284466759204,0.027655991554117857,17.077683854796632,0.026710831774059748,17.080236815863316,0.028623661917493
SN2014I,56683.80173290657,0.06188058159300271,56683.78731174472,0.06022444802736599,56683.73736838842,0.0358759747550882,56683.58252039984,0.03993459821053889,0.8989688598293432,0.005122738758342914,0.900926163965988,0.004980183710551687,0.899388248936797,0.0030391424136773865,0.8987970608793354,0.0034980775753718323,16.290937182568037,0.004993329015606979,16.290531049974167,0.0049200086069560965,16.281557856951682,0.00408127094347671,16.28303635141462,0.004770035663458839,16.36293479239146,0.00531989292734338,16.364295092900978,0.005259592911055925,16.364898468751697,0.004494963611553612,16.367295140776264,0.005262099540833286,16.86253478026853,0.024189461349955196,16.928023487782244,0.025212065087415074,16.94232492924828,0.02222012735476277,16.9441676055383,0.02603100989649447,16.76940289118299,0.016313596820533866,16.84876545292143,0.023998224902941456,16.829496467956133,0.02126830880471527,16.833836359924046,0.024806269313155115
SN2007le,54399.0522323265,0.04767987043749788,54399.11051970036,0.03669226523922107,54399.072151006425,0.03664168084334226,54399.07029194052,0.03487721489257052,1.0473986293614357,0.007012576444719513,1.0280488993635644,0.004534450990248366,1.0229844815637916,0.004280821352708242,1.0240365097798958,0.004135347528601739,13.752397121202169,0.004137497738589326,13.745517365758962,0.0036407048632122324,13.738674359225135,0.0048747808271842365,13.738452005847284,0.004696946196553913,13.5470934749048,0.005085434757020145,13.53607756082158,0.004082365163542059,13.53664276804118,0.005202069512549642,13.53722202459668,0.0050172062954509464,13.980091944434317,0.007000655293875364,13.978620536357262,0.006923510140174699,13.982962889405183,0.009594918699150601,13.983175299181084,0.00925705082907145,13.764071873493142,0.010883980687756435,13.767335840272926,0.007897340025751168,13.755016672548548,0.011201066328500403,13.755228831964567,0.010799182984242489
SN2011iv,55906.01108399152,0.05833364158520476,55906.0029477166,0.06669833723999836,55906.17363062337,0.053980015776655,55906.08453437252,0.05173913379555797,0.664838570325513,0.007596497313317401,0.6696344485965336,0.008234695264585952,0.6434772382887692,0.007532817558472246,0.6366184149708894,0.0074871658302671455,12.382043460902445,0.005990382248722018,12.38349759707222,0.006902322093293339,12.371697936226004,0.008984473290353843,12.371754234734583,0.00886224654515195,12.441081862802184,0.004720645700956509,12.442042037352815,0.005353641632018351,12.431814507885719,0.00708367543654743,12.432096553333173,0.007032802251611581,12.222603089494214,0.44511649374287543,12.946594042253322,0.042620464367673305,12.977666860588949,0.055571962387910935,12.98242984468368,0.0544973690342173,12.803152018881844,0.04467163645224068,12.625579551835845,0.03381732860158801,12.657378406282392,0.04445669516024993,12.655491587880121,0.044036586537191176
SN2009Y,54876.230672136924,0.12780144343995437,54876.40071895921,0.09381824436090819,54876.501276898736,0.062222364251768206,54876.06830944166,0.07027816780935431,1.1890747924523886,0.016553026308319355,1.0981845358439093,0.015002073469844137,0.9939261691910736,0.0071438474045757505,1.1891340434512139,0.007904551483972287,13.925561903284347,0.009016719903375863,13.926273120522358,0.006773521510050555,13.889827081230596,0.009579741488468798,13.921899099459695,0.009975523640176998,13.914892465184671,0.008365487536521743,13.898358212158712,0.008410026111961028,13.859065385765879,0.009684182022234183,13.92460722235199,0.009478637051830295,14.40257537900276,0.29145056525709717,14.710619425896594,0.023305767378441207,14.696402905927515,0.025601973563027493,14.707286711975923,0.030693037615310316,14.518517332102082,0.011452111114731049,14.505973838941456,0.018472314545754164,14.465846585000362,0.02480306345791702,14.515222952650975,0.030115765701977947
SN2006X,53786.54909508339,0.10803903649616464,53786.50293136753,0.07717390106562076,53786.39601328215,0.05711570662184335,53786.34840041996,0.056951612753559644,1.0273395368882348,0.01302313920681525,1.0032695565204532,0.007703469665654654,0.9721590026999104,0.005793629677832578,0.9722207434906995,0.005764648452659646,14.707355604044837,0.007649049192569154,14.699557893089246,0.006156952185669261,14.684000657317299,0.007572185315225297,14.68437712359659,0.007656278839004209,13.581062006870136,0.01006298229219282,13.565384953378313,0.00758590199198547,13.551061146457686,0.00915437668901491,13.550952127175593,0.00925778902781989,12.992829680136307,0.013505223655051968,13.002257897780256,0.014815463953058956,12.983535273320433,0.01988797639505827,12.98349611948013,0.02014458378929402,12.849255135008068,0.015366548736133256,12.861264316064625,0.017394702405487624,12.84247671128321,0.022861297174278313,12.841917682954255,0.023165036010366416
SN2008bf,54554.71540258862,0.0473840948372278,54554.73324698952,0.04925800213492858,54554.667279645364,0.03219048106606229,54554.645264689745,0.030386992252494874,1.016822950225298,0.006762455909341805,1.0128811046442112,0.007000386550159097,1.018809289472478,0.004507045811695599,1.0227399176956575,0.0043935615129380556,15.673233792420858,0.004609961927589336,15.670703851390009,0.005041188049872968,15.666856331091106,0.004491561229081462,15.668290048272523,0.0043114275728222354,15.87624204818527,0.004952871081505225,15.876764822136664,0.005294077346813113,15.881547057461272,0.0046245316146288394,15.883950183602813,0.004475846412811362,16.521315203775995,0.19984981519275027,16.854033964956816,0.043233273766903675,16.890406776257635,0.04554149943824658,16.894401031569174,0.04393244786243102,16.350053515977557,0.012343205739851476,16.452017571790453,0.011352910853504724,16.41369394201574,0.011952119868877464,16.41306543705677,0.011533921260074879
ASAS14my,57030.9411194539,0.06480545740304434,57030.91133878634,0.06110559656447382,57030.92069931218,0.041930189728437206,57030.77218147617,0.045006839623755956,0.9143425199451641,0.007975680983548927,0.9171247563988314,0.007624945022790329,0.9095787165235069,0.004969196194642326,0.9082316263003695,0.005355661735993746,15.56232600504312,0.008367536616810332,15.56323648583134,0.00800785604466796,15.549624072711032,0.0067189092989032185,15.549247308336245,0.0074856241191584945,15.600053488875432,0.007906049597199136,15.601864874539821,0.007611563325649584,15.600711722364453,0.006800876297596221,15.60245244644492,0.007628120351379083,16.22756846398632,0.03189835957380398,16.25557477586599,0.027681502627888738,16.276487340492178,0.02699130745415147,16.276615423255542,0.030599610651598986,16.079134973334615,0.025393691961171007,16.112447892584083,0.02516022830680561,16.081000077151522,0.024272579176358843,16.079806784569254,0.027385212450183237
SN2007S,54144.51112784472,0.08555248815061944,54144.72665040316,0.07137089114979407,54144.46420245519,0.05158093319361369,54144.35443736293,0.05574293974233466,1.1422901355417057,0.013823353944957368,1.103572705582985,0.00977897797840431,1.1042596269121678,0.008395962750148032,1.1139266117745708,0.00883180030265286,15.589726077496643,0.006284812003295409,15.593057091686209,0.006331296561615024,15.57857591667733,0.006275312130004776,15.576468954340658,0.006959967770966132,15.313445173174015,0.00901934040916539,15.295220743783279,0.008536549410257754,15.295283947460169,0.008042693117581755,15.299055257806371,0.008768059583750185,15.516174597872162,0.0135842683605878,15.530317532585775,0.014388019906825509,15.544153366360977,0.015034837314600159,15.545816822039939,0.01704071150615848,15.326540356745951,0.009405369387931782,15.367440747738488,0.012509701723758704,15.35363994275042,0.012859627556408454,15.359135098531175,0.014540965933268988
SN2006ax,53827.09760798953,0.5105337027034069,53827.20553934473,0.5039733045964077,53827.163830241574,0.4868011285954148,53827.11092935571,0.4865500355528913,1.0081331833776068,0.00752437267366868,0.990174665169814,0.005807863338209952,0.9884236508723211,0.003629369439249171,0.9867485747680043,0.0037245637989617806,15.018595270008195,0.005963080760375882,15.00955034032057,0.005669876899556583,15.004906089945061,0.005132166894971149,15.001874682101962,0.0054314761753503,15.199255069273965,0.006251579995483251,15.19025190144249,0.0055635074464137485,15.188693912027233,0.004918889857628742,15.186679798198021,0.005193020392550967,15.941132390739053,0.02186158354044172,15.998572432663048,0.010875947341647662,16.009477776059036,0.010909012040351626,16.007156819683622,0.011622227610885313,15.667434577855573,0.011196624464799623,15.709278236715088,0.008652200226440728,15.684473548541622,0.00868547245393214,15.68240165752461,0.009245198700414417
